frequency_hz,level_dbv_power_mean,supply,input_condition
20.290907,-103.460874,tiresias_avdd,no_input
20.885476,-104.363000,tiresias_avdd,no_input
21.497467,-103.920309,tiresias_avdd,no_input
22.127391,-106.159542,tiresias_avdd,no_input
22.775773,-103.307746,tiresias_avdd,no_input
23.443154,-101.660000,tiresias_avdd,no_input
24.130091,-103.621998,tiresias_avdd,no_input
24.837156,-105.965782,tiresias_avdd,no_input
25.564940,-103.651857,tiresias_avdd,no_input
26.314050,-102.880784,tiresias_avdd,no_input
27.085111,-104.744619,tiresias_avdd,no_input
27.878765,-104.433880,tiresias_avdd,no_input
28.695675,-104.402959,tiresias_avdd,no_input
29.536523,-103.415247,tiresias_avdd,no_input
30.402009,-106.396392,tiresias_avdd,no_input
31.292856,-106.032557,tiresias_avdd,no_input
32.209807,-103.659961,tiresias_avdd,no_input
33.153626,-105.240825,tiresias_avdd,no_input
34.125101,-105.417028,tiresias_avdd,no_input
35.125043,-105.265084,tiresias_avdd,no_input
36.154286,-106.157391,tiresias_avdd,no_input
37.213687,-105.235369,tiresias_avdd,no_input
38.304131,-106.697541,tiresias_avdd,no_input
39.426528,-106.760386,tiresias_avdd,no_input
40.581813,-105.586041,tiresias_avdd,no_input
41.770951,-103.515092,tiresias_avdd,no_input
42.994934,-105.231638,tiresias_avdd,no_input
44.254781,-107.649027,tiresias_avdd,no_input
45.551545,-106.380813,tiresias_avdd,no_input
46.886308,-106.183082,tiresias_avdd,no_input
48.260181,-105.362019,tiresias_avdd,no_input
49.674312,-107.251899,tiresias_avdd,no_input
51.129881,-105.375346,tiresias_avdd,no_input
52.628101,-109.002169,tiresias_avdd,no_input
54.170222,-106.091380,tiresias_avdd,no_input
55.757531,-109.131490,tiresias_avdd,no_input
57.391351,-109.889458,tiresias_avdd,no_input
59.073046,-104.872652,tiresias_avdd,no_input
60.804018,-103.786673,tiresias_avdd,no_input
62.585712,-106.052846,tiresias_avdd,no_input
64.419613,-105.875066,tiresias_avdd,no_input
66.307252,-105.984506,tiresias_avdd,no_input
68.250203,-108.201039,tiresias_avdd,no_input
70.250086,-108.896076,tiresias_avdd,no_input
72.308571,-107.964814,tiresias_avdd,no_input
74.427374,-108.440205,tiresias_avdd,no_input
76.608262,-107.458970,tiresias_avdd,no_input
78.853056,-107.160730,tiresias_avdd,no_input
81.163627,-106.911319,tiresias_avdd,no_input
83.541903,-106.229149,tiresias_avdd,no_input
85.989867,-108.116733,tiresias_avdd,no_input
88.509563,-107.936781,tiresias_avdd,no_input
91.103091,-107.346955,tiresias_avdd,no_input
93.772615,-107.808205,tiresias_avdd,no_input
96.520362,-107.813797,tiresias_avdd,no_input
99.348625,-108.340736,tiresias_avdd,no_input
102.259762,-109.957952,tiresias_avdd,no_input
105.256202,-108.615979,tiresias_avdd,no_input
108.340444,-107.153145,tiresias_avdd,no_input
111.515061,-109.933790,tiresias_avdd,no_input
114.782702,-110.554998,tiresias_avdd,no_input
118.146092,-101.989656,tiresias_avdd,no_input
121.608036,-101.314616,tiresias_avdd,no_input
125.171424,-108.311251,tiresias_avdd,no_input
128.839227,-109.476867,tiresias_avdd,no_input
132.614504,-109.571922,tiresias_avdd,no_input
136.500406,-108.643510,tiresias_avdd,no_input
140.500173,-109.203479,tiresias_avdd,no_input
144.617142,-109.311402,tiresias_avdd,no_input
148.854748,-110.107002,tiresias_avdd,no_input
153.216525,-109.181905,tiresias_avdd,no_input
157.706112,-108.762786,tiresias_avdd,no_input
162.327254,-108.675215,tiresias_avdd,no_input
167.083805,-109.057715,tiresias_avdd,no_input
171.979734,-108.640047,tiresias_avdd,no_input
177.019125,-109.388069,tiresias_avdd,no_input
182.206182,-108.842178,tiresias_avdd,no_input
187.545230,-108.512286,tiresias_avdd,no_input
193.040725,-107.607441,tiresias_avdd,no_input
198.697250,-109.133080,tiresias_avdd,no_input
204.519524,-109.970072,tiresias_avdd,no_input
210.512403,-109.574611,tiresias_avdd,no_input
216.680888,-109.178552,tiresias_avdd,no_input
223.030122,-108.738713,tiresias_avdd,no_input
229.565404,-110.393351,tiresias_avdd,no_input
236.292183,-107.237028,tiresias_avdd,no_input
243.216073,-103.751615,tiresias_avdd,no_input
250.342848,-108.107570,tiresias_avdd,no_input
257.678453,-108.725343,tiresias_avdd,no_input
265.229008,-108.776713,tiresias_avdd,no_input
273.000811,-109.315487,tiresias_avdd,no_input
281.000346,-109.408767,tiresias_avdd,no_input
289.234284,-109.167529,tiresias_avdd,no_input
297.709496,-108.762318,tiresias_avdd,no_input
306.433050,-108.681914,tiresias_avdd,no_input
315.412224,-109.689932,tiresias_avdd,no_input
324.654507,-109.917082,tiresias_avdd,no_input
334.167610,-109.336230,tiresias_avdd,no_input
343.959469,-109.048654,tiresias_avdd,no_input
354.038251,-108.031941,tiresias_avdd,no_input
364.412363,-105.393435,tiresias_avdd,no_input
375.090460,-109.054682,tiresias_avdd,no_input
386.081450,-109.518198,tiresias_avdd,no_input
397.394500,-109.419616,tiresias_avdd,no_input
409.039048,-109.747969,tiresias_avdd,no_input
421.024807,-109.419370,tiresias_avdd,no_input
433.361775,-109.320197,tiresias_avdd,no_input
446.060244,-109.006155,tiresias_avdd,no_input
459.130807,-108.977657,tiresias_avdd,no_input
472.584367,-108.316068,tiresias_avdd,no_input
486.432146,-106.470858,tiresias_avdd,no_input
500.685695,-109.023852,tiresias_avdd,no_input
515.356906,-109.129944,tiresias_avdd,no_input
530.458016,-108.773001,tiresias_avdd,no_input
546.001623,-109.225081,tiresias_avdd,no_input
562.000691,-109.186568,tiresias_avdd,no_input
578.468569,-109.688822,tiresias_avdd,no_input
595.418991,-106.362091,tiresias_avdd,no_input
612.866100,-109.110351,tiresias_avdd,no_input
630.824447,-109.416745,tiresias_avdd,no_input
649.309014,-108.643058,tiresias_avdd,no_input
668.335221,-109.298695,tiresias_avdd,no_input
687.918938,-108.936233,tiresias_avdd,no_input
708.076501,-109.170620,tiresias_avdd,no_input
728.824726,-107.303655,tiresias_avdd,no_input
750.180921,-109.625921,tiresias_avdd,no_input
772.162900,-108.763228,tiresias_avdd,no_input
794.789000,-109.234173,tiresias_avdd,no_input
818.078095,-109.634530,tiresias_avdd,no_input
842.049613,-107.127522,tiresias_avdd,no_input
866.723550,-109.934549,tiresias_avdd,no_input
892.120489,-108.957615,tiresias_avdd,no_input
918.261614,-109.282480,tiresias_avdd,no_input
945.168733,-88.535589,tiresias_avdd,no_input
972.864291,-107.420662,tiresias_avdd,no_input
1001.371391,-109.557821,tiresias_avdd,no_input
1030.713812,-109.841383,tiresias_avdd,no_input
1060.916032,-109.598431,tiresias_avdd,no_input
1092.003245,-107.761118,tiresias_avdd,no_input
1124.001383,-110.147258,tiresias_avdd,no_input
1156.937137,-109.130358,tiresias_avdd,no_input
1190.837983,-108.172384,tiresias_avdd,no_input
1225.732199,-108.821253,tiresias_avdd,no_input
1261.648894,-94.941330,tiresias_avdd,no_input
1298.618029,-109.705996,tiresias_avdd,no_input
1336.670442,-107.697644,tiresias_avdd,no_input
1375.837875,-109.699978,tiresias_avdd,no_input
1416.153002,-109.285274,tiresias_avdd,no_input
1457.649452,-107.992037,tiresias_avdd,no_input
1500.361842,-108.846410,tiresias_avdd,no_input
1544.325799,-108.247595,tiresias_avdd,no_input
1589.577999,-109.045331,tiresias_avdd,no_input
1636.156190,-108.732305,tiresias_avdd,no_input
1684.099226,-108.506759,tiresias_avdd,no_input
1733.447100,-109.686696,tiresias_avdd,no_input
1784.240977,-108.842677,tiresias_avdd,no_input
1836.523229,-109.065438,tiresias_avdd,no_input
1890.337467,-99.279251,tiresias_avdd,no_input
1945.728583,-109.131007,tiresias_avdd,no_input
2002.742782,-109.241705,tiresias_avdd,no_input
2061.427625,-108.514872,tiresias_avdd,no_input
2121.832065,-109.198093,tiresias_avdd,no_input
2184.006490,-108.471161,tiresias_avdd,no_input
2248.002765,-108.802540,tiresias_avdd,no_input
2313.874274,-109.394680,tiresias_avdd,no_input
2381.675966,-108.796796,tiresias_avdd,no_input
2451.464399,-109.396584,tiresias_avdd,no_input
2523.297789,-106.280595,tiresias_avdd,no_input
2597.236057,-108.858711,tiresias_avdd,no_input
2673.340883,-109.240010,tiresias_avdd,no_input
2751.675750,-109.179910,tiresias_avdd,no_input
2832.306004,-101.603143,tiresias_avdd,no_input
2915.298905,-109.075028,tiresias_avdd,no_input
3000.723683,-109.214579,tiresias_avdd,no_input
3088.651599,-106.098835,tiresias_avdd,no_input
3179.155999,-109.485992,tiresias_avdd,no_input
3272.312380,-109.276494,tiresias_avdd,no_input
3368.198452,-109.216307,tiresias_avdd,no_input
3466.894200,-109.341797,tiresias_avdd,no_input
3568.481954,-109.480529,tiresias_avdd,no_input
3673.046457,-109.274100,tiresias_avdd,no_input
3780.674934,-103.102956,tiresias_avdd,no_input
3891.457165,-109.231573,tiresias_avdd,no_input
4005.485564,-109.015245,tiresias_avdd,no_input
4122.855250,-109.633017,tiresias_avdd,no_input
4243.664130,-109.238263,tiresias_avdd,no_input
4368.012981,-105.826435,tiresias_avdd,no_input
4496.005531,-109.418826,tiresias_avdd,no_input
4627.748549,-107.027360,tiresias_avdd,no_input
4763.351932,-109.489992,tiresias_avdd,no_input
4902.928797,-109.442075,tiresias_avdd,no_input
5046.595577,-108.167049,tiresias_avdd,no_input
5194.472115,-109.318621,tiresias_avdd,no_input
5346.681766,-109.438715,tiresias_avdd,no_input
5503.351500,-109.432847,tiresias_avdd,no_input
5664.612008,-104.103784,tiresias_avdd,no_input
5830.597810,-109.224467,tiresias_avdd,no_input
6001.447367,-109.269620,tiresias_avdd,no_input
6177.303198,-109.075921,tiresias_avdd,no_input
6358.311998,-109.230667,tiresias_avdd,no_input
6544.624761,-109.068738,tiresias_avdd,no_input
6736.396904,-109.164048,tiresias_avdd,no_input
6933.788400,-107.738084,tiresias_avdd,no_input
7136.963909,-109.490697,tiresias_avdd,no_input
7346.092914,-109.336106,tiresias_avdd,no_input
7561.349867,-108.672097,tiresias_avdd,no_input
7782.914330,-109.201877,tiresias_avdd,no_input
8010.971128,-108.295102,tiresias_avdd,no_input
8245.710500,-109.471783,tiresias_avdd,no_input
8487.328260,-109.664266,tiresias_avdd,no_input
8736.025961,-109.727911,tiresias_avdd,no_input
8992.011061,-109.742229,tiresias_avdd,no_input
9255.497097,-109.522142,tiresias_avdd,no_input
9526.703863,-109.573239,tiresias_avdd,no_input
9805.857594,-110.015044,tiresias_avdd,no_input
10093.191154,-109.835807,tiresias_avdd,no_input
10388.944230,-109.591462,tiresias_avdd,no_input
10693.363532,-109.685098,tiresias_avdd,no_input
11006.703001,-109.560527,tiresias_avdd,no_input
11329.224017,-109.570899,tiresias_avdd,no_input
11661.195620,-109.478233,tiresias_avdd,no_input
12002.894734,-109.420331,tiresias_avdd,no_input
12354.606395,-109.436120,tiresias_avdd,no_input
12716.623996,-109.580238,tiresias_avdd,no_input
13089.249521,-109.587240,tiresias_avdd,no_input
13472.793808,-109.414909,tiresias_avdd,no_input
13867.576801,-109.493787,tiresias_avdd,no_input
14273.927818,-109.675998,tiresias_avdd,no_input
14692.185828,-109.621808,tiresias_avdd,no_input
15122.699734,-109.475973,tiresias_avdd,no_input
15565.828661,-109.756677,tiresias_avdd,no_input
16021.942256,-109.056357,tiresias_avdd,no_input
16491.420999,-109.930709,tiresias_avdd,no_input
16974.656520,-109.760677,tiresias_avdd,no_input
17472.051922,-109.975268,tiresias_avdd,no_input
17984.022122,-109.804080,tiresias_avdd,no_input
18510.994194,-109.900487,tiresias_avdd,no_input
19053.407727,-109.871902,tiresias_avdd,no_input
19611.715189,-109.902987,tiresias_avdd,no_input
20186.382308,-109.955049,tiresias_avdd,no_input
20777.888460,-110.026943,tiresias_avdd,no_input
21386.727064,-110.202806,tiresias_avdd,no_input
20.290907,-93.449871,tiresias_avdd,minus10_dbv
20.885476,-97.660000,tiresias_avdd,minus10_dbv
21.497467,-100.704915,tiresias_avdd,minus10_dbv
22.127391,-102.167130,tiresias_avdd,minus10_dbv
22.775773,-102.149228,tiresias_avdd,minus10_dbv
23.443154,-101.271000,tiresias_avdd,minus10_dbv
24.130091,-105.274346,tiresias_avdd,minus10_dbv
24.837156,-99.738991,tiresias_avdd,minus10_dbv
25.564940,-102.410236,tiresias_avdd,minus10_dbv
26.314050,-101.764522,tiresias_avdd,minus10_dbv
27.085111,-101.260836,tiresias_avdd,minus10_dbv
27.878765,-100.797808,tiresias_avdd,minus10_dbv
28.695675,-100.452986,tiresias_avdd,minus10_dbv
29.536523,-103.458364,tiresias_avdd,minus10_dbv
30.402009,-103.346639,tiresias_avdd,minus10_dbv
31.292856,-103.299957,tiresias_avdd,minus10_dbv
32.209807,-106.256921,tiresias_avdd,minus10_dbv
33.153626,-100.869845,tiresias_avdd,minus10_dbv
34.125101,-101.113436,tiresias_avdd,minus10_dbv
35.125043,-101.048497,tiresias_avdd,minus10_dbv
36.154286,-97.227860,tiresias_avdd,minus10_dbv
37.213687,-99.759846,tiresias_avdd,minus10_dbv
38.304131,-97.168661,tiresias_avdd,minus10_dbv
39.426528,-80.631402,tiresias_avdd,minus10_dbv
40.581813,-75.317926,tiresias_avdd,minus10_dbv
41.770951,-96.339553,tiresias_avdd,minus10_dbv
42.994934,-98.481644,tiresias_avdd,minus10_dbv
44.254781,-98.171364,tiresias_avdd,minus10_dbv
45.551545,-101.434533,tiresias_avdd,minus10_dbv
46.886308,-105.077852,tiresias_avdd,minus10_dbv
48.260181,-107.156646,tiresias_avdd,minus10_dbv
49.674312,-107.896393,tiresias_avdd,minus10_dbv
51.129881,-107.555835,tiresias_avdd,minus10_dbv
52.628101,-107.469851,tiresias_avdd,minus10_dbv
54.170222,-106.785637,tiresias_avdd,minus10_dbv
55.757531,-107.505959,tiresias_avdd,minus10_dbv
57.391351,-108.975134,tiresias_avdd,minus10_dbv
59.073046,-105.640538,tiresias_avdd,minus10_dbv
60.804018,-105.860119,tiresias_avdd,minus10_dbv
62.585712,-109.317751,tiresias_avdd,minus10_dbv
64.419613,-107.570781,tiresias_avdd,minus10_dbv
66.307252,-106.458905,tiresias_avdd,minus10_dbv
68.250203,-106.864978,tiresias_avdd,minus10_dbv
70.250086,-107.622042,tiresias_avdd,minus10_dbv
72.308571,-107.436755,tiresias_avdd,minus10_dbv
74.427374,-104.177716,tiresias_avdd,minus10_dbv
76.608262,-104.130554,tiresias_avdd,minus10_dbv
78.853056,-82.318009,tiresias_avdd,minus10_dbv
81.163627,-93.946996,tiresias_avdd,minus10_dbv
83.541903,-103.135058,tiresias_avdd,minus10_dbv
85.989867,-107.064479,tiresias_avdd,minus10_dbv
88.509563,-108.771237,tiresias_avdd,minus10_dbv
91.103091,-107.267356,tiresias_avdd,minus10_dbv
93.772615,-107.755101,tiresias_avdd,minus10_dbv
96.520362,-108.689410,tiresias_avdd,minus10_dbv
99.348625,-103.392280,tiresias_avdd,minus10_dbv
102.259762,-110.360720,tiresias_avdd,minus10_dbv
105.256202,-109.636015,tiresias_avdd,minus10_dbv
108.340444,-109.412773,tiresias_avdd,minus10_dbv
111.515061,-108.367634,tiresias_avdd,minus10_dbv
114.782702,-109.760158,tiresias_avdd,minus10_dbv
118.146092,-109.097306,tiresias_avdd,minus10_dbv
121.608036,-110.369100,tiresias_avdd,minus10_dbv
125.171424,-110.144272,tiresias_avdd,minus10_dbv
128.839227,-110.507654,tiresias_avdd,minus10_dbv
132.614504,-110.501611,tiresias_avdd,minus10_dbv
136.500406,-108.787699,tiresias_avdd,minus10_dbv
140.500173,-104.902371,tiresias_avdd,minus10_dbv
144.617142,-108.394146,tiresias_avdd,minus10_dbv
148.854748,-109.974552,tiresias_avdd,minus10_dbv
153.216525,-108.558575,tiresias_avdd,minus10_dbv
157.706112,-102.324280,tiresias_avdd,minus10_dbv
162.327254,-89.004433,tiresias_avdd,minus10_dbv
167.083805,-109.254514,tiresias_avdd,minus10_dbv
171.979734,-110.010864,tiresias_avdd,minus10_dbv
177.019125,-111.568953,tiresias_avdd,minus10_dbv
182.206182,-108.973284,tiresias_avdd,minus10_dbv
187.545230,-110.240141,tiresias_avdd,minus10_dbv
193.040725,-109.090024,tiresias_avdd,minus10_dbv
198.697250,-90.791312,tiresias_avdd,minus10_dbv
204.519524,-108.449740,tiresias_avdd,minus10_dbv
210.512403,-110.357643,tiresias_avdd,minus10_dbv
216.680888,-109.933547,tiresias_avdd,minus10_dbv
223.030122,-109.267956,tiresias_avdd,minus10_dbv
229.565404,-109.813637,tiresias_avdd,minus10_dbv
236.292183,-111.356283,tiresias_avdd,minus10_dbv
243.216073,-110.570727,tiresias_avdd,minus10_dbv
250.342848,-110.265653,tiresias_avdd,minus10_dbv
257.678453,-107.411845,tiresias_avdd,minus10_dbv
265.229008,-111.029270,tiresias_avdd,minus10_dbv
273.000811,-108.696634,tiresias_avdd,minus10_dbv
281.000346,-92.606159,tiresias_avdd,minus10_dbv
289.234284,-110.126668,tiresias_avdd,minus10_dbv
297.709496,-109.970978,tiresias_avdd,minus10_dbv
306.433050,-111.070822,tiresias_avdd,minus10_dbv
315.412224,-94.184410,tiresias_avdd,minus10_dbv
324.654507,-102.329908,tiresias_avdd,minus10_dbv
334.167610,-110.652380,tiresias_avdd,minus10_dbv
343.959469,-109.725387,tiresias_avdd,minus10_dbv
354.038251,-112.184560,tiresias_avdd,minus10_dbv
364.412363,-111.807177,tiresias_avdd,minus10_dbv
375.090460,-109.250952,tiresias_avdd,minus10_dbv
386.081450,-109.847288,tiresias_avdd,minus10_dbv
397.394500,-94.541112,tiresias_avdd,minus10_dbv
409.039048,-109.662154,tiresias_avdd,minus10_dbv
421.024807,-110.541247,tiresias_avdd,minus10_dbv
433.361775,-98.048968,tiresias_avdd,minus10_dbv
446.060244,-98.275533,tiresias_avdd,minus10_dbv
459.130807,-109.261619,tiresias_avdd,minus10_dbv
472.584367,-110.796144,tiresias_avdd,minus10_dbv
486.432146,-110.855536,tiresias_avdd,minus10_dbv
500.685695,-109.229343,tiresias_avdd,minus10_dbv
515.356906,-95.562811,tiresias_avdd,minus10_dbv
530.458016,-110.104409,tiresias_avdd,minus10_dbv
546.001623,-110.958561,tiresias_avdd,minus10_dbv
562.000691,-96.887730,tiresias_avdd,minus10_dbv
578.468569,-110.464094,tiresias_avdd,minus10_dbv
595.418991,-111.879177,tiresias_avdd,minus10_dbv
612.866100,-110.614442,tiresias_avdd,minus10_dbv
630.824447,-102.440250,tiresias_avdd,minus10_dbv
649.309014,-97.951301,tiresias_avdd,minus10_dbv
668.335221,-110.454900,tiresias_avdd,minus10_dbv
687.918938,-97.743140,tiresias_avdd,minus10_dbv
708.076501,-111.042766,tiresias_avdd,minus10_dbv
728.824726,-110.446604,tiresias_avdd,minus10_dbv
750.180921,-97.393868,tiresias_avdd,minus10_dbv
772.162900,-109.873871,tiresias_avdd,minus10_dbv
794.789000,-98.498884,tiresias_avdd,minus10_dbv
818.078095,-110.019756,tiresias_avdd,minus10_dbv
842.049613,-112.263073,tiresias_avdd,minus10_dbv
866.723550,-109.403444,tiresias_avdd,minus10_dbv
892.120489,-98.324460,tiresias_avdd,minus10_dbv
918.261614,-99.242546,tiresias_avdd,minus10_dbv
945.168733,-88.564924,tiresias_avdd,minus10_dbv
972.864291,-110.862875,tiresias_avdd,minus10_dbv
1001.371391,-27.646358,tiresias_avdd,minus10_dbv
1030.713812,-99.971372,tiresias_avdd,minus10_dbv
1060.916032,-110.982082,tiresias_avdd,minus10_dbv
1092.003245,-110.848705,tiresias_avdd,minus10_dbv
1124.001383,-99.115117,tiresias_avdd,minus10_dbv
1156.937137,-100.544339,tiresias_avdd,minus10_dbv
1190.837983,-110.744136,tiresias_avdd,minus10_dbv
1225.732199,-99.423705,tiresias_avdd,minus10_dbv
1261.648894,-94.037438,tiresias_avdd,minus10_dbv
1298.618029,-110.177055,tiresias_avdd,minus10_dbv
1336.670442,-110.934882,tiresias_avdd,minus10_dbv
1375.837875,-100.080470,tiresias_avdd,minus10_dbv
1416.153002,-101.552164,tiresias_avdd,minus10_dbv
1457.649452,-110.586745,tiresias_avdd,minus10_dbv
1500.361842,-98.431159,tiresias_avdd,minus10_dbv
1544.325799,-110.787761,tiresias_avdd,minus10_dbv
1589.577999,-100.532218,tiresias_avdd,minus10_dbv
1636.156190,-102.351272,tiresias_avdd,minus10_dbv
1684.099226,-110.733700,tiresias_avdd,minus10_dbv
1733.447100,-100.930809,tiresias_avdd,minus10_dbv
1784.240977,-102.997519,tiresias_avdd,minus10_dbv
1836.523229,-101.451255,tiresias_avdd,minus10_dbv
1890.337467,-98.252220,tiresias_avdd,minus10_dbv
1945.728583,-101.577410,tiresias_avdd,minus10_dbv
2002.742782,-103.565262,tiresias_avdd,minus10_dbv
2061.427625,-101.847555,tiresias_avdd,minus10_dbv
2121.832065,-104.033667,tiresias_avdd,minus10_dbv
2184.006490,-102.142094,tiresias_avdd,minus10_dbv
2248.002765,-104.397458,tiresias_avdd,minus10_dbv
2313.874274,-102.683860,tiresias_avdd,minus10_dbv
2381.675966,-104.783724,tiresias_avdd,minus10_dbv
2451.464399,-101.168530,tiresias_avdd,minus10_dbv
2523.297789,-102.136475,tiresias_avdd,minus10_dbv
2597.236057,-105.198872,tiresias_avdd,minus10_dbv
2673.340883,-103.352170,tiresias_avdd,minus10_dbv
2751.675750,-105.898808,tiresias_avdd,minus10_dbv
2832.306004,-99.070665,tiresias_avdd,minus10_dbv
2915.298905,-103.987876,tiresias_avdd,minus10_dbv
3000.723683,-102.443043,tiresias_avdd,minus10_dbv
3088.651599,-104.816383,tiresias_avdd,minus10_dbv
3179.155999,-103.069941,tiresias_avdd,minus10_dbv
3272.312380,-103.198569,tiresias_avdd,minus10_dbv
3368.198452,-104.696235,tiresias_avdd,minus10_dbv
3466.894200,-107.198766,tiresias_avdd,minus10_dbv
3568.481954,-103.948391,tiresias_avdd,minus10_dbv
3673.046457,-104.229066,tiresias_avdd,minus10_dbv
3780.674934,-101.320068,tiresias_avdd,minus10_dbv
3891.457165,-104.815181,tiresias_avdd,minus10_dbv
4005.485564,-104.891854,tiresias_avdd,minus10_dbv
4122.855250,-105.395259,tiresias_avdd,minus10_dbv
4243.664130,-105.563030,tiresias_avdd,minus10_dbv
4368.012981,-103.787335,tiresias_avdd,minus10_dbv
4496.005531,-106.013959,tiresias_avdd,minus10_dbv
4627.748549,-104.800930,tiresias_avdd,minus10_dbv
4763.351932,-106.687139,tiresias_avdd,minus10_dbv
4902.928797,-105.103103,tiresias_avdd,minus10_dbv
5046.595577,-105.830523,tiresias_avdd,minus10_dbv
5194.472115,-107.357158,tiresias_avdd,minus10_dbv
5346.681766,-107.765747,tiresias_avdd,minus10_dbv
5503.351500,-106.319200,tiresias_avdd,minus10_dbv
5664.612008,-103.540285,tiresias_avdd,minus10_dbv
5830.597810,-108.358311,tiresias_avdd,minus10_dbv
6001.447367,-107.226898,tiresias_avdd,minus10_dbv
6177.303198,-108.944189,tiresias_avdd,minus10_dbv
6358.311998,-107.889330,tiresias_avdd,minus10_dbv
6544.624761,-108.368173,tiresias_avdd,minus10_dbv
6736.396904,-109.621620,tiresias_avdd,minus10_dbv
6933.788400,-107.674045,tiresias_avdd,minus10_dbv
7136.963909,-109.226059,tiresias_avdd,minus10_dbv
7346.092914,-110.462122,tiresias_avdd,minus10_dbv
7561.349867,-108.966925,tiresias_avdd,minus10_dbv
7782.914330,-110.361709,tiresias_avdd,minus10_dbv
8010.971128,-108.967141,tiresias_avdd,minus10_dbv
8245.710500,-110.860291,tiresias_avdd,minus10_dbv
8487.328260,-111.057691,tiresias_avdd,minus10_dbv
8736.025961,-111.153538,tiresias_avdd,minus10_dbv
8992.011061,-111.322411,tiresias_avdd,minus10_dbv
9255.497097,-111.590705,tiresias_avdd,minus10_dbv
9526.703863,-111.557155,tiresias_avdd,minus10_dbv
9805.857594,-111.606059,tiresias_avdd,minus10_dbv
10093.191154,-111.560304,tiresias_avdd,minus10_dbv
10388.944230,-111.524320,tiresias_avdd,minus10_dbv
10693.363532,-111.573959,tiresias_avdd,minus10_dbv
11006.703001,-111.322672,tiresias_avdd,minus10_dbv
11329.224017,-111.213803,tiresias_avdd,minus10_dbv
11661.195620,-111.372484,tiresias_avdd,minus10_dbv
12002.894734,-110.898754,tiresias_avdd,minus10_dbv
12354.606395,-111.035135,tiresias_avdd,minus10_dbv
12716.623996,-111.139145,tiresias_avdd,minus10_dbv
13089.249521,-110.916764,tiresias_avdd,minus10_dbv
13472.793808,-111.089119,tiresias_avdd,minus10_dbv
13867.576801,-110.874672,tiresias_avdd,minus10_dbv
14273.927818,-111.053412,tiresias_avdd,minus10_dbv
14692.185828,-111.236891,tiresias_avdd,minus10_dbv
15122.699734,-111.075159,tiresias_avdd,minus10_dbv
15565.828661,-111.535149,tiresias_avdd,minus10_dbv
16021.942256,-110.560198,tiresias_avdd,minus10_dbv
16491.420999,-111.562130,tiresias_avdd,minus10_dbv
16974.656520,-111.665867,tiresias_avdd,minus10_dbv
17472.051922,-111.636826,tiresias_avdd,minus10_dbv
17984.022122,-111.571108,tiresias_avdd,minus10_dbv
18510.994194,-111.565909,tiresias_avdd,minus10_dbv
19053.407727,-111.505101,tiresias_avdd,minus10_dbv
19611.715189,-111.415066,tiresias_avdd,minus10_dbv
20186.382308,-111.613401,tiresias_avdd,minus10_dbv
20777.888460,-111.622794,tiresias_avdd,minus10_dbv
21386.727064,-111.733016,tiresias_avdd,minus10_dbv
20.290907,-81.163213,tiresias_avdd,minus6_dbv
20.885476,-98.167000,tiresias_avdd,minus6_dbv
21.497467,-99.776826,tiresias_avdd,minus6_dbv
22.127391,-95.406756,tiresias_avdd,minus6_dbv
22.775773,-96.165942,tiresias_avdd,minus6_dbv
23.443154,-97.645000,tiresias_avdd,minus6_dbv
24.130091,-97.952294,tiresias_avdd,minus6_dbv
24.837156,-99.014250,tiresias_avdd,minus6_dbv
25.564940,-98.878610,tiresias_avdd,minus6_dbv
26.314050,-97.736521,tiresias_avdd,minus6_dbv
27.085111,-99.896522,tiresias_avdd,minus6_dbv
27.878765,-98.538560,tiresias_avdd,minus6_dbv
28.695675,-97.870494,tiresias_avdd,minus6_dbv
29.536523,-98.011124,tiresias_avdd,minus6_dbv
30.402009,-96.718834,tiresias_avdd,minus6_dbv
31.292856,-97.495634,tiresias_avdd,minus6_dbv
32.209807,-98.641948,tiresias_avdd,minus6_dbv
33.153626,-96.681798,tiresias_avdd,minus6_dbv
34.125101,-98.979666,tiresias_avdd,minus6_dbv
35.125043,-96.766665,tiresias_avdd,minus6_dbv
36.154286,-96.775843,tiresias_avdd,minus6_dbv
37.213687,-94.916789,tiresias_avdd,minus6_dbv
38.304131,-90.827202,tiresias_avdd,minus6_dbv
39.426528,-66.627539,tiresias_avdd,minus6_dbv
40.581813,-78.478428,tiresias_avdd,minus6_dbv
41.770951,-94.299319,tiresias_avdd,minus6_dbv
42.994934,-96.639408,tiresias_avdd,minus6_dbv
44.254781,-98.734494,tiresias_avdd,minus6_dbv
45.551545,-100.211447,tiresias_avdd,minus6_dbv
46.886308,-100.156726,tiresias_avdd,minus6_dbv
48.260181,-101.686217,tiresias_avdd,minus6_dbv
49.674312,-101.454299,tiresias_avdd,minus6_dbv
51.129881,-103.164793,tiresias_avdd,minus6_dbv
52.628101,-103.165474,tiresias_avdd,minus6_dbv
54.170222,-106.422337,tiresias_avdd,minus6_dbv
55.757531,-104.346018,tiresias_avdd,minus6_dbv
57.391351,-106.647117,tiresias_avdd,minus6_dbv
59.073046,-105.798229,tiresias_avdd,minus6_dbv
60.804018,-103.241751,tiresias_avdd,minus6_dbv
62.585712,-105.061861,tiresias_avdd,minus6_dbv
64.419613,-103.558595,tiresias_avdd,minus6_dbv
66.307252,-104.536674,tiresias_avdd,minus6_dbv
68.250203,-104.015400,tiresias_avdd,minus6_dbv
70.250086,-104.283907,tiresias_avdd,minus6_dbv
72.308571,-103.440081,tiresias_avdd,minus6_dbv
74.427374,-102.510614,tiresias_avdd,minus6_dbv
76.608262,-100.592579,tiresias_avdd,minus6_dbv
78.853056,-82.921086,tiresias_avdd,minus6_dbv
81.163627,-75.214683,tiresias_avdd,minus6_dbv
83.541903,-102.102501,tiresias_avdd,minus6_dbv
85.989867,-103.026375,tiresias_avdd,minus6_dbv
88.509563,-105.679116,tiresias_avdd,minus6_dbv
91.103091,-105.730223,tiresias_avdd,minus6_dbv
93.772615,-105.589496,tiresias_avdd,minus6_dbv
96.520362,-105.752111,tiresias_avdd,minus6_dbv
99.348625,-97.600089,tiresias_avdd,minus6_dbv
102.259762,-110.489619,tiresias_avdd,minus6_dbv
105.256202,-111.273172,tiresias_avdd,minus6_dbv
108.340444,-107.481145,tiresias_avdd,minus6_dbv
111.515061,-107.417754,tiresias_avdd,minus6_dbv
114.782702,-107.684573,tiresias_avdd,minus6_dbv
118.146092,-100.258926,tiresias_avdd,minus6_dbv
121.608036,-97.542705,tiresias_avdd,minus6_dbv
125.171424,-107.409774,tiresias_avdd,minus6_dbv
128.839227,-107.921556,tiresias_avdd,minus6_dbv
132.614504,-109.385256,tiresias_avdd,minus6_dbv
136.500406,-107.696986,tiresias_avdd,minus6_dbv
140.500173,-101.036645,tiresias_avdd,minus6_dbv
144.617142,-105.784129,tiresias_avdd,minus6_dbv
148.854748,-107.199242,tiresias_avdd,minus6_dbv
153.216525,-105.934397,tiresias_avdd,minus6_dbv
157.706112,-83.400284,tiresias_avdd,minus6_dbv
162.327254,-84.633149,tiresias_avdd,minus6_dbv
167.083805,-106.361905,tiresias_avdd,minus6_dbv
171.979734,-107.611369,tiresias_avdd,minus6_dbv
177.019125,-107.963527,tiresias_avdd,minus6_dbv
182.206182,-107.393064,tiresias_avdd,minus6_dbv
187.545230,-107.629517,tiresias_avdd,minus6_dbv
193.040725,-106.715759,tiresias_avdd,minus6_dbv
198.697250,-83.158441,tiresias_avdd,minus6_dbv
204.519524,-104.753623,tiresias_avdd,minus6_dbv
210.512403,-105.985589,tiresias_avdd,minus6_dbv
216.680888,-103.968493,tiresias_avdd,minus6_dbv
223.030122,-106.210118,tiresias_avdd,minus6_dbv
229.565404,-110.112975,tiresias_avdd,minus6_dbv
236.292183,-108.575733,tiresias_avdd,minus6_dbv
243.216073,-107.416454,tiresias_avdd,minus6_dbv
250.342848,-109.614764,tiresias_avdd,minus6_dbv
257.678453,-103.713909,tiresias_avdd,minus6_dbv
265.229008,-107.990140,tiresias_avdd,minus6_dbv
273.000811,-106.673544,tiresias_avdd,minus6_dbv
281.000346,-84.887759,tiresias_avdd,minus6_dbv
289.234284,-107.927757,tiresias_avdd,minus6_dbv
297.709496,-109.354777,tiresias_avdd,minus6_dbv
306.433050,-108.443929,tiresias_avdd,minus6_dbv
315.412224,-101.635335,tiresias_avdd,minus6_dbv
324.654507,-86.573813,tiresias_avdd,minus6_dbv
334.167610,-108.656254,tiresias_avdd,minus6_dbv
343.959469,-105.166197,tiresias_avdd,minus6_dbv
354.038251,-110.235091,tiresias_avdd,minus6_dbv
364.412363,-108.135199,tiresias_avdd,minus6_dbv
375.090460,-106.625796,tiresias_avdd,minus6_dbv
386.081450,-108.453333,tiresias_avdd,minus6_dbv
397.394500,-86.721034,tiresias_avdd,minus6_dbv
409.039048,-108.267612,tiresias_avdd,minus6_dbv
421.024807,-109.385269,tiresias_avdd,minus6_dbv
433.361775,-106.565163,tiresias_avdd,minus6_dbv
446.060244,-88.240529,tiresias_avdd,minus6_dbv
459.130807,-106.269971,tiresias_avdd,minus6_dbv
472.584367,-110.972850,tiresias_avdd,minus6_dbv
486.432146,-107.794567,tiresias_avdd,minus6_dbv
500.685695,-107.201121,tiresias_avdd,minus6_dbv
515.356906,-88.087390,tiresias_avdd,minus6_dbv
530.458016,-109.043323,tiresias_avdd,minus6_dbv
546.001623,-109.498080,tiresias_avdd,minus6_dbv
562.000691,-89.519732,tiresias_avdd,minus6_dbv
578.468569,-106.547578,tiresias_avdd,minus6_dbv
595.418991,-109.467606,tiresias_avdd,minus6_dbv
612.866100,-107.463742,tiresias_avdd,minus6_dbv
630.824447,-91.433381,tiresias_avdd,minus6_dbv
649.309014,-92.510553,tiresias_avdd,minus6_dbv
668.335221,-109.151195,tiresias_avdd,minus6_dbv
687.918938,-90.831431,tiresias_avdd,minus6_dbv
708.076501,-107.657437,tiresias_avdd,minus6_dbv
728.824726,-109.305793,tiresias_avdd,minus6_dbv
750.180921,-89.340794,tiresias_avdd,minus6_dbv
772.162900,-107.519945,tiresias_avdd,minus6_dbv
794.789000,-91.622441,tiresias_avdd,minus6_dbv
818.078095,-107.289286,tiresias_avdd,minus6_dbv
842.049613,-109.652452,tiresias_avdd,minus6_dbv
866.723550,-106.905105,tiresias_avdd,minus6_dbv
892.120489,-91.294966,tiresias_avdd,minus6_dbv
918.261614,-92.538446,tiresias_avdd,minus6_dbv
945.168733,-88.638403,tiresias_avdd,minus6_dbv
972.864291,-107.513473,tiresias_avdd,minus6_dbv
1001.371391,-23.648727,tiresias_avdd,minus6_dbv
1030.713812,-93.397186,tiresias_avdd,minus6_dbv
1060.916032,-107.670003,tiresias_avdd,minus6_dbv
1092.003245,-108.310148,tiresias_avdd,minus6_dbv
1124.001383,-92.307034,tiresias_avdd,minus6_dbv
1156.937137,-94.017319,tiresias_avdd,minus6_dbv
1190.837983,-107.911359,tiresias_avdd,minus6_dbv
1225.732199,-91.558679,tiresias_avdd,minus6_dbv
1261.648894,-94.751269,tiresias_avdd,minus6_dbv
1298.618029,-94.796930,tiresias_avdd,minus6_dbv
1336.670442,-108.506528,tiresias_avdd,minus6_dbv
1375.837875,-92.379339,tiresias_avdd,minus6_dbv
1416.153002,-95.486582,tiresias_avdd,minus6_dbv
1457.649452,-108.231878,tiresias_avdd,minus6_dbv
1500.361842,-91.250155,tiresias_avdd,minus6_dbv
1544.325799,-108.159440,tiresias_avdd,minus6_dbv
1589.577999,-93.117235,tiresias_avdd,minus6_dbv
1636.156190,-96.856397,tiresias_avdd,minus6_dbv
1684.099226,-108.160105,tiresias_avdd,minus6_dbv
1733.447100,-93.712455,tiresias_avdd,minus6_dbv
1784.240977,-97.383673,tiresias_avdd,minus6_dbv
1836.523229,-93.981497,tiresias_avdd,minus6_dbv
1890.337467,-95.791012,tiresias_avdd,minus6_dbv
1945.728583,-94.295355,tiresias_avdd,minus6_dbv
2002.742782,-98.315976,tiresias_avdd,minus6_dbv
2061.427625,-94.545844,tiresias_avdd,minus6_dbv
2121.832065,-98.824175,tiresias_avdd,minus6_dbv
2184.006490,-95.138624,tiresias_avdd,minus6_dbv
2248.002765,-99.522391,tiresias_avdd,minus6_dbv
2313.874274,-95.449223,tiresias_avdd,minus6_dbv
2381.675966,-99.930200,tiresias_avdd,minus6_dbv
2451.464399,-94.817266,tiresias_avdd,minus6_dbv
2523.297789,-104.473129,tiresias_avdd,minus6_dbv
2597.236057,-95.505546,tiresias_avdd,minus6_dbv
2673.340883,-96.843865,tiresias_avdd,minus6_dbv
2751.675750,-101.519639,tiresias_avdd,minus6_dbv
2832.306004,-95.238868,tiresias_avdd,minus6_dbv
2915.298905,-97.492118,tiresias_avdd,minus6_dbv
3000.723683,-96.632493,tiresias_avdd,minus6_dbv
3088.651599,-101.945034,tiresias_avdd,minus6_dbv
3179.155999,-97.343065,tiresias_avdd,minus6_dbv
3272.312380,-98.718444,tiresias_avdd,minus6_dbv
3368.198452,-98.056706,tiresias_avdd,minus6_dbv
3466.894200,-103.795983,tiresias_avdd,minus6_dbv
3568.481954,-98.705308,tiresias_avdd,minus6_dbv
3673.046457,-99.152360,tiresias_avdd,minus6_dbv
3780.674934,-98.245372,tiresias_avdd,minus6_dbv
3891.457165,-99.988098,tiresias_avdd,minus6_dbv
4005.485564,-100.322971,tiresias_avdd,minus6_dbv
4122.855250,-100.772200,tiresias_avdd,minus6_dbv
4243.664130,-101.147178,tiresias_avdd,minus6_dbv
4368.012981,-100.695565,tiresias_avdd,minus6_dbv
4496.005531,-101.981957,tiresias_avdd,minus6_dbv
4627.748549,-101.712795,tiresias_avdd,minus6_dbv
4763.351932,-102.806556,tiresias_avdd,minus6_dbv
4902.928797,-101.267286,tiresias_avdd,minus6_dbv
5046.595577,-103.290435,tiresias_avdd,minus6_dbv
5194.472115,-103.451100,tiresias_avdd,minus6_dbv
5346.681766,-104.439818,tiresias_avdd,minus6_dbv
5503.351500,-102.990060,tiresias_avdd,minus6_dbv
5664.612008,-102.134927,tiresias_avdd,minus6_dbv
5830.597810,-105.517194,tiresias_avdd,minus6_dbv
6001.447367,-104.059003,tiresias_avdd,minus6_dbv
6177.303198,-106.343194,tiresias_avdd,minus6_dbv
6358.311998,-104.849028,tiresias_avdd,minus6_dbv
6544.624761,-106.931021,tiresias_avdd,minus6_dbv
6736.396904,-105.723190,tiresias_avdd,minus6_dbv
6933.788400,-105.683309,tiresias_avdd,minus6_dbv
7136.963909,-107.998405,tiresias_avdd,minus6_dbv
7346.092914,-107.259267,tiresias_avdd,minus6_dbv
7561.349867,-107.077893,tiresias_avdd,minus6_dbv
7782.914330,-108.195526,tiresias_avdd,minus6_dbv
8010.971128,-107.396807,tiresias_avdd,minus6_dbv
8245.710500,-108.862029,tiresias_avdd,minus6_dbv
8487.328260,-109.345440,tiresias_avdd,minus6_dbv
8736.025961,-109.476883,tiresias_avdd,minus6_dbv
8992.011061,-109.635635,tiresias_avdd,minus6_dbv
9255.497097,-109.639659,tiresias_avdd,minus6_dbv
9526.703863,-109.682141,tiresias_avdd,minus6_dbv
9805.857594,-109.562121,tiresias_avdd,minus6_dbv
10093.191154,-109.901133,tiresias_avdd,minus6_dbv
10388.944230,-109.522905,tiresias_avdd,minus6_dbv
10693.363532,-109.368857,tiresias_avdd,minus6_dbv
11006.703001,-109.329845,tiresias_avdd,minus6_dbv
11329.224017,-109.083657,tiresias_avdd,minus6_dbv
11661.195620,-109.539132,tiresias_avdd,minus6_dbv
12002.894734,-109.160718,tiresias_avdd,minus6_dbv
12354.606395,-109.218294,tiresias_avdd,minus6_dbv
12716.623996,-109.339605,tiresias_avdd,minus6_dbv
13089.249521,-109.315481,tiresias_avdd,minus6_dbv
13472.793808,-109.417884,tiresias_avdd,minus6_dbv
13867.576801,-109.465139,tiresias_avdd,minus6_dbv
14273.927818,-109.671339,tiresias_avdd,minus6_dbv
14692.185828,-109.755249,tiresias_avdd,minus6_dbv
15122.699734,-109.786044,tiresias_avdd,minus6_dbv
15565.828661,-109.966451,tiresias_avdd,minus6_dbv
16021.942256,-109.347957,tiresias_avdd,minus6_dbv
16491.420999,-110.160733,tiresias_avdd,minus6_dbv
16974.656520,-110.328492,tiresias_avdd,minus6_dbv
17472.051922,-110.234620,tiresias_avdd,minus6_dbv
17984.022122,-110.235107,tiresias_avdd,minus6_dbv
18510.994194,-110.113597,tiresias_avdd,minus6_dbv
19053.407727,-110.131709,tiresias_avdd,minus6_dbv
19611.715189,-110.028700,tiresias_avdd,minus6_dbv
20186.382308,-110.083881,tiresias_avdd,minus6_dbv
20777.888460,-109.931689,tiresias_avdd,minus6_dbv
21386.727064,-110.010503,tiresias_avdd,minus6_dbv
20.290907,-105.579626,eval_onboard,no_input
20.885476,-106.536000,eval_onboard,no_input
21.497467,-105.754239,eval_onboard,no_input
22.127391,-102.073556,eval_onboard,no_input
22.775773,-104.626865,eval_onboard,no_input
23.443154,-103.277000,eval_onboard,no_input
24.130091,-103.309205,eval_onboard,no_input
24.837156,-106.577853,eval_onboard,no_input
25.564940,-105.384331,eval_onboard,no_input
26.314050,-102.841560,eval_onboard,no_input
27.085111,-104.021440,eval_onboard,no_input
27.878765,-106.101704,eval_onboard,no_input
28.695675,-103.960480,eval_onboard,no_input
29.536523,-106.447602,eval_onboard,no_input
30.402009,-109.275129,eval_onboard,no_input
31.292856,-107.022627,eval_onboard,no_input
32.209807,-104.149914,eval_onboard,no_input
33.153626,-105.681666,eval_onboard,no_input
34.125101,-104.940615,eval_onboard,no_input
35.125043,-106.782312,eval_onboard,no_input
36.154286,-106.392668,eval_onboard,no_input
37.213687,-108.583476,eval_onboard,no_input
38.304131,-108.057736,eval_onboard,no_input
39.426528,-107.776362,eval_onboard,no_input
40.581813,-107.087156,eval_onboard,no_input
41.770951,-107.012032,eval_onboard,no_input
42.994934,-107.229184,eval_onboard,no_input
44.254781,-105.720411,eval_onboard,no_input
45.551545,-106.860610,eval_onboard,no_input
46.886308,-106.306078,eval_onboard,no_input
48.260181,-104.822370,eval_onboard,no_input
49.674312,-106.889993,eval_onboard,no_input
51.129881,-107.165946,eval_onboard,no_input
52.628101,-108.071173,eval_onboard,no_input
54.170222,-108.978449,eval_onboard,no_input
55.757531,-107.427055,eval_onboard,no_input
57.391351,-110.520220,eval_onboard,no_input
59.073046,-108.048608,eval_onboard,no_input
60.804018,-105.872604,eval_onboard,no_input
62.585712,-108.778047,eval_onboard,no_input
64.419613,-107.786113,eval_onboard,no_input
66.307252,-106.298002,eval_onboard,no_input
68.250203,-107.979498,eval_onboard,no_input
70.250086,-109.115033,eval_onboard,no_input
72.308571,-108.526244,eval_onboard,no_input
74.427374,-109.867438,eval_onboard,no_input
76.608262,-108.806832,eval_onboard,no_input
78.853056,-109.075398,eval_onboard,no_input
81.163627,-108.921540,eval_onboard,no_input
83.541903,-107.642236,eval_onboard,no_input
85.989867,-109.063643,eval_onboard,no_input
88.509563,-109.171451,eval_onboard,no_input
91.103091,-109.364751,eval_onboard,no_input
93.772615,-109.785301,eval_onboard,no_input
96.520362,-111.421891,eval_onboard,no_input
99.348625,-110.105560,eval_onboard,no_input
102.259762,-109.567583,eval_onboard,no_input
105.256202,-109.836172,eval_onboard,no_input
108.340444,-111.485451,eval_onboard,no_input
111.515061,-111.006408,eval_onboard,no_input
114.782702,-111.833023,eval_onboard,no_input
118.146092,-110.503538,eval_onboard,no_input
121.608036,-109.390392,eval_onboard,no_input
125.171424,-110.823433,eval_onboard,no_input
128.839227,-111.074524,eval_onboard,no_input
132.614504,-109.862137,eval_onboard,no_input
136.500406,-110.716120,eval_onboard,no_input
140.500173,-112.590559,eval_onboard,no_input
144.617142,-111.322571,eval_onboard,no_input
148.854748,-108.881609,eval_onboard,no_input
153.216525,-109.889116,eval_onboard,no_input
157.706112,-109.345621,eval_onboard,no_input
162.327254,-110.606232,eval_onboard,no_input
167.083805,-110.817142,eval_onboard,no_input
171.979734,-111.281477,eval_onboard,no_input
177.019125,-109.299848,eval_onboard,no_input
182.206182,-109.878388,eval_onboard,no_input
187.545230,-110.118893,eval_onboard,no_input
193.040725,-110.638008,eval_onboard,no_input
198.697250,-110.862231,eval_onboard,no_input
204.519524,-110.389909,eval_onboard,no_input
210.512403,-110.439557,eval_onboard,no_input
216.680888,-110.936267,eval_onboard,no_input
223.030122,-110.320513,eval_onboard,no_input
229.565404,-111.822631,eval_onboard,no_input
236.292183,-109.642388,eval_onboard,no_input
243.216073,-109.612268,eval_onboard,no_input
250.342848,-110.480538,eval_onboard,no_input
257.678453,-111.059215,eval_onboard,no_input
265.229008,-110.404947,eval_onboard,no_input
273.000811,-110.870072,eval_onboard,no_input
281.000346,-111.821229,eval_onboard,no_input
289.234284,-111.582921,eval_onboard,no_input
297.709496,-110.878845,eval_onboard,no_input
306.433050,-112.744547,eval_onboard,no_input
315.412224,-111.976083,eval_onboard,no_input
324.654507,-109.857412,eval_onboard,no_input
334.167610,-110.265709,eval_onboard,no_input
343.959469,-110.614797,eval_onboard,no_input
354.038251,-111.556428,eval_onboard,no_input
364.412363,-110.719281,eval_onboard,no_input
375.090460,-111.703463,eval_onboard,no_input
386.081450,-111.584706,eval_onboard,no_input
397.394500,-110.115947,eval_onboard,no_input
409.039048,-111.085011,eval_onboard,no_input
421.024807,-111.881851,eval_onboard,no_input
433.361775,-111.649898,eval_onboard,no_input
446.060244,-111.356983,eval_onboard,no_input
459.130807,-111.148053,eval_onboard,no_input
472.584367,-111.542738,eval_onboard,no_input
486.432146,-110.406118,eval_onboard,no_input
500.685695,-112.008382,eval_onboard,no_input
515.356906,-110.591751,eval_onboard,no_input
530.458016,-111.124683,eval_onboard,no_input
546.001623,-111.981415,eval_onboard,no_input
562.000691,-111.711943,eval_onboard,no_input
578.468569,-110.841484,eval_onboard,no_input
595.418991,-110.952017,eval_onboard,no_input
612.866100,-111.263793,eval_onboard,no_input
630.824447,-111.795294,eval_onboard,no_input
649.309014,-111.855614,eval_onboard,no_input
668.335221,-111.478714,eval_onboard,no_input
687.918938,-110.693471,eval_onboard,no_input
708.076501,-111.681472,eval_onboard,no_input
728.824726,-111.004703,eval_onboard,no_input
750.180921,-111.365148,eval_onboard,no_input
772.162900,-111.732057,eval_onboard,no_input
794.789000,-111.461639,eval_onboard,no_input
818.078095,-110.988572,eval_onboard,no_input
842.049613,-111.103935,eval_onboard,no_input
866.723550,-110.782822,eval_onboard,no_input
892.120489,-111.893430,eval_onboard,no_input
918.261614,-111.237044,eval_onboard,no_input
945.168733,-88.413881,eval_onboard,no_input
972.864291,-110.885324,eval_onboard,no_input
1001.371391,-111.422828,eval_onboard,no_input
1030.713812,-110.966144,eval_onboard,no_input
1060.916032,-111.138430,eval_onboard,no_input
1092.003245,-111.443382,eval_onboard,no_input
1124.001383,-111.533462,eval_onboard,no_input
1156.937137,-111.444301,eval_onboard,no_input
1190.837983,-111.253212,eval_onboard,no_input
1225.732199,-110.672368,eval_onboard,no_input
1261.648894,-94.651229,eval_onboard,no_input
1298.618029,-112.064066,eval_onboard,no_input
1336.670442,-111.138070,eval_onboard,no_input
1375.837875,-111.537235,eval_onboard,no_input
1416.153002,-111.382633,eval_onboard,no_input
1457.649452,-110.826695,eval_onboard,no_input
1500.361842,-111.829710,eval_onboard,no_input
1544.325799,-111.281249,eval_onboard,no_input
1589.577999,-111.386169,eval_onboard,no_input
1636.156190,-111.119768,eval_onboard,no_input
1684.099226,-111.408879,eval_onboard,no_input
1733.447100,-111.473024,eval_onboard,no_input
1784.240977,-110.858266,eval_onboard,no_input
1836.523229,-111.732570,eval_onboard,no_input
1890.337467,-99.458456,eval_onboard,no_input
1945.728583,-111.292352,eval_onboard,no_input
2002.742782,-111.230427,eval_onboard,no_input
2061.427625,-111.116136,eval_onboard,no_input
2121.832065,-111.567148,eval_onboard,no_input
2184.006490,-110.831192,eval_onboard,no_input
2248.002765,-111.283153,eval_onboard,no_input
2313.874274,-111.436733,eval_onboard,no_input
2381.675966,-111.337418,eval_onboard,no_input
2451.464399,-111.432976,eval_onboard,no_input
2523.297789,-107.340736,eval_onboard,no_input
2597.236057,-111.142933,eval_onboard,no_input
2673.340883,-111.576974,eval_onboard,no_input
2751.675750,-111.125163,eval_onboard,no_input
2832.306004,-101.793833,eval_onboard,no_input
2915.298905,-111.211133,eval_onboard,no_input
3000.723683,-111.227439,eval_onboard,no_input
3088.651599,-107.541586,eval_onboard,no_input
3179.155999,-111.143998,eval_onboard,no_input
3272.312380,-111.301817,eval_onboard,no_input
3368.198452,-111.657869,eval_onboard,no_input
3466.894200,-111.325053,eval_onboard,no_input
3568.481954,-111.753570,eval_onboard,no_input
3673.046457,-111.157273,eval_onboard,no_input
3780.674934,-103.182704,eval_onboard,no_input
3891.457165,-111.251950,eval_onboard,no_input
4005.485564,-111.436655,eval_onboard,no_input
4122.855250,-111.320606,eval_onboard,no_input
4243.664130,-111.545819,eval_onboard,no_input
4368.012981,-106.636341,eval_onboard,no_input
4496.005531,-111.466552,eval_onboard,no_input
4627.748549,-107.702982,eval_onboard,no_input
4763.351932,-111.328864,eval_onboard,no_input
4902.928797,-110.996906,eval_onboard,no_input
5046.595577,-109.599331,eval_onboard,no_input
5194.472115,-111.321322,eval_onboard,no_input
5346.681766,-111.193679,eval_onboard,no_input
5503.351500,-110.922171,eval_onboard,no_input
5664.612008,-104.535208,eval_onboard,no_input
5830.597810,-111.312013,eval_onboard,no_input
6001.447367,-111.262279,eval_onboard,no_input
6177.303198,-110.897040,eval_onboard,no_input
6358.311998,-111.185998,eval_onboard,no_input
6544.624761,-110.983434,eval_onboard,no_input
6736.396904,-111.359249,eval_onboard,no_input
6933.788400,-109.013851,eval_onboard,no_input
7136.963909,-111.518903,eval_onboard,no_input
7346.092914,-111.610328,eval_onboard,no_input
7561.349867,-110.248976,eval_onboard,no_input
7782.914330,-111.380350,eval_onboard,no_input
8010.971128,-109.853130,eval_onboard,no_input
8245.710500,-111.570261,eval_onboard,no_input
8487.328260,-111.486545,eval_onboard,no_input
8736.025961,-111.662012,eval_onboard,no_input
8992.011061,-111.579403,eval_onboard,no_input
9255.497097,-111.422895,eval_onboard,no_input
9526.703863,-111.756740,eval_onboard,no_input
9805.857594,-111.807788,eval_onboard,no_input
10093.191154,-111.801656,eval_onboard,no_input
10388.944230,-111.781913,eval_onboard,no_input
10693.363532,-111.659119,eval_onboard,no_input
11006.703001,-111.710749,eval_onboard,no_input
11329.224017,-111.597668,eval_onboard,no_input
11661.195620,-111.679229,eval_onboard,no_input
12002.894734,-111.488782,eval_onboard,no_input
12354.606395,-111.572497,eval_onboard,no_input
12716.623996,-111.654290,eval_onboard,no_input
13089.249521,-111.566380,eval_onboard,no_input
13472.793808,-111.569074,eval_onboard,no_input
13867.576801,-111.423407,eval_onboard,no_input
14273.927818,-111.750793,eval_onboard,no_input
14692.185828,-111.825879,eval_onboard,no_input
15122.699734,-111.797268,eval_onboard,no_input
15565.828661,-111.933532,eval_onboard,no_input
16021.942256,-110.971576,eval_onboard,no_input
16491.420999,-112.004935,eval_onboard,no_input
16974.656520,-112.144876,eval_onboard,no_input
17472.051922,-112.128948,eval_onboard,no_input
17984.022122,-111.970571,eval_onboard,no_input
18510.994194,-111.970288,eval_onboard,no_input
19053.407727,-111.978047,eval_onboard,no_input
19611.715189,-111.873560,eval_onboard,no_input
20186.382308,-112.008407,eval_onboard,no_input
20777.888460,-112.071176,eval_onboard,no_input
21386.727064,-112.219159,eval_onboard,no_input
20.290907,-96.094989,eval_onboard,minus10_dbv
20.885476,-94.894000,eval_onboard,minus10_dbv
21.497467,-96.520567,eval_onboard,minus10_dbv
22.127391,-97.386344,eval_onboard,minus10_dbv
22.775773,-98.145183,eval_onboard,minus10_dbv
23.443154,-98.361000,eval_onboard,minus10_dbv
24.130091,-98.955061,eval_onboard,minus10_dbv
24.837156,-97.210378,eval_onboard,minus10_dbv
25.564940,-98.580003,eval_onboard,minus10_dbv
26.314050,-96.388438,eval_onboard,minus10_dbv
27.085111,-98.744531,eval_onboard,minus10_dbv
27.878765,-99.327088,eval_onboard,minus10_dbv
28.695675,-98.352675,eval_onboard,minus10_dbv
29.536523,-94.958131,eval_onboard,minus10_dbv
30.402009,-96.671704,eval_onboard,minus10_dbv
31.292856,-99.917705,eval_onboard,minus10_dbv
32.209807,-98.713086,eval_onboard,minus10_dbv
33.153626,-101.915731,eval_onboard,minus10_dbv
34.125101,-98.772470,eval_onboard,minus10_dbv
35.125043,-98.010134,eval_onboard,minus10_dbv
36.154286,-101.832166,eval_onboard,minus10_dbv
37.213687,-96.889477,eval_onboard,minus10_dbv
38.304131,-98.597378,eval_onboard,minus10_dbv
39.426528,-94.608103,eval_onboard,minus10_dbv
40.581813,-72.040113,eval_onboard,minus10_dbv
41.770951,-98.585194,eval_onboard,minus10_dbv
42.994934,-101.259200,eval_onboard,minus10_dbv
44.254781,-103.758464,eval_onboard,minus10_dbv
45.551545,-103.017621,eval_onboard,minus10_dbv
46.886308,-104.511958,eval_onboard,minus10_dbv
48.260181,-104.147080,eval_onboard,minus10_dbv
49.674312,-103.654444,eval_onboard,minus10_dbv
51.129881,-103.171366,eval_onboard,minus10_dbv
52.628101,-104.724364,eval_onboard,minus10_dbv
54.170222,-103.797468,eval_onboard,minus10_dbv
55.757531,-106.035110,eval_onboard,minus10_dbv
57.391351,-107.466410,eval_onboard,minus10_dbv
59.073046,-104.653801,eval_onboard,minus10_dbv
60.804018,-103.285751,eval_onboard,minus10_dbv
62.585712,-106.154790,eval_onboard,minus10_dbv
64.419613,-105.853385,eval_onboard,minus10_dbv
66.307252,-106.796173,eval_onboard,minus10_dbv
68.250203,-106.794662,eval_onboard,minus10_dbv
70.250086,-106.192832,eval_onboard,minus10_dbv
72.308571,-104.816320,eval_onboard,minus10_dbv
74.427374,-104.183457,eval_onboard,minus10_dbv
76.608262,-104.534112,eval_onboard,minus10_dbv
78.853056,-79.970423,eval_onboard,minus10_dbv
81.163627,-104.208119,eval_onboard,minus10_dbv
83.541903,-103.504997,eval_onboard,minus10_dbv
85.989867,-104.851831,eval_onboard,minus10_dbv
88.509563,-105.905971,eval_onboard,minus10_dbv
91.103091,-103.942591,eval_onboard,minus10_dbv
93.772615,-105.802807,eval_onboard,minus10_dbv
96.520362,-107.259986,eval_onboard,minus10_dbv
99.348625,-104.404257,eval_onboard,minus10_dbv
102.259762,-106.187966,eval_onboard,minus10_dbv
105.256202,-108.958969,eval_onboard,minus10_dbv
108.340444,-108.606715,eval_onboard,minus10_dbv
111.515061,-110.022169,eval_onboard,minus10_dbv
114.782702,-108.994702,eval_onboard,minus10_dbv
118.146092,-103.792304,eval_onboard,minus10_dbv
121.608036,-103.984495,eval_onboard,minus10_dbv
125.171424,-110.316790,eval_onboard,minus10_dbv
128.839227,-108.669833,eval_onboard,minus10_dbv
132.614504,-110.151844,eval_onboard,minus10_dbv
136.500406,-107.783527,eval_onboard,minus10_dbv
140.500173,-105.763064,eval_onboard,minus10_dbv
144.617142,-107.994978,eval_onboard,minus10_dbv
148.854748,-107.183406,eval_onboard,minus10_dbv
153.216525,-107.586528,eval_onboard,minus10_dbv
157.706112,-106.530356,eval_onboard,minus10_dbv
162.327254,-86.700996,eval_onboard,minus10_dbv
167.083805,-108.592883,eval_onboard,minus10_dbv
171.979734,-107.958459,eval_onboard,minus10_dbv
177.019125,-109.026890,eval_onboard,minus10_dbv
182.206182,-108.713967,eval_onboard,minus10_dbv
187.545230,-108.783076,eval_onboard,minus10_dbv
193.040725,-108.544989,eval_onboard,minus10_dbv
198.697250,-88.476666,eval_onboard,minus10_dbv
204.519524,-106.945032,eval_onboard,minus10_dbv
210.512403,-108.178099,eval_onboard,minus10_dbv
216.680888,-109.093509,eval_onboard,minus10_dbv
223.030122,-107.718802,eval_onboard,minus10_dbv
229.565404,-109.022653,eval_onboard,minus10_dbv
236.292183,-109.134729,eval_onboard,minus10_dbv
243.216073,-108.626776,eval_onboard,minus10_dbv
250.342848,-109.081174,eval_onboard,minus10_dbv
257.678453,-108.325467,eval_onboard,minus10_dbv
265.229008,-107.921129,eval_onboard,minus10_dbv
273.000811,-108.630648,eval_onboard,minus10_dbv
281.000346,-90.428293,eval_onboard,minus10_dbv
289.234284,-109.881464,eval_onboard,minus10_dbv
297.709496,-109.092723,eval_onboard,minus10_dbv
306.433050,-111.494785,eval_onboard,minus10_dbv
315.412224,-91.574803,eval_onboard,minus10_dbv
324.654507,-108.011423,eval_onboard,minus10_dbv
334.167610,-108.781881,eval_onboard,minus10_dbv
343.959469,-108.768533,eval_onboard,minus10_dbv
354.038251,-110.043140,eval_onboard,minus10_dbv
364.412363,-107.802790,eval_onboard,minus10_dbv
375.090460,-108.925995,eval_onboard,minus10_dbv
386.081450,-108.979672,eval_onboard,minus10_dbv
397.394500,-92.209730,eval_onboard,minus10_dbv
409.039048,-108.689382,eval_onboard,minus10_dbv
421.024807,-109.618113,eval_onboard,minus10_dbv
433.361775,-93.277153,eval_onboard,minus10_dbv
446.060244,-108.568333,eval_onboard,minus10_dbv
459.130807,-108.872088,eval_onboard,minus10_dbv
472.584367,-109.713511,eval_onboard,minus10_dbv
486.432146,-108.920973,eval_onboard,minus10_dbv
500.685695,-108.410653,eval_onboard,minus10_dbv
515.356906,-93.428286,eval_onboard,minus10_dbv
530.458016,-110.005247,eval_onboard,minus10_dbv
546.001623,-110.063514,eval_onboard,minus10_dbv
562.000691,-94.569293,eval_onboard,minus10_dbv
578.468569,-109.553020,eval_onboard,minus10_dbv
595.418991,-108.615428,eval_onboard,minus10_dbv
612.866100,-109.424391,eval_onboard,minus10_dbv
630.824447,-103.309468,eval_onboard,minus10_dbv
649.309014,-94.985232,eval_onboard,minus10_dbv
668.335221,-109.677166,eval_onboard,minus10_dbv
687.918938,-95.437815,eval_onboard,minus10_dbv
708.076501,-109.347316,eval_onboard,minus10_dbv
728.824726,-109.441041,eval_onboard,minus10_dbv
750.180921,-95.040809,eval_onboard,minus10_dbv
772.162900,-109.449002,eval_onboard,minus10_dbv
794.789000,-96.446307,eval_onboard,minus10_dbv
818.078095,-109.276808,eval_onboard,minus10_dbv
842.049613,-109.520268,eval_onboard,minus10_dbv
866.723550,-108.959625,eval_onboard,minus10_dbv
892.120489,-96.344885,eval_onboard,minus10_dbv
918.261614,-97.146450,eval_onboard,minus10_dbv
945.168733,-88.396106,eval_onboard,minus10_dbv
972.864291,-108.867361,eval_onboard,minus10_dbv
1001.371391,-27.643357,eval_onboard,minus10_dbv
1030.713812,-97.649372,eval_onboard,minus10_dbv
1060.916032,-109.637002,eval_onboard,minus10_dbv
1092.003245,-109.347250,eval_onboard,minus10_dbv
1124.001383,-97.101748,eval_onboard,minus10_dbv
1156.937137,-98.558496,eval_onboard,minus10_dbv
1190.837983,-109.697661,eval_onboard,minus10_dbv
1225.732199,-97.307239,eval_onboard,minus10_dbv
1261.648894,-93.310430,eval_onboard,minus10_dbv
1298.618029,-109.699339,eval_onboard,minus10_dbv
1336.670442,-109.493862,eval_onboard,minus10_dbv
1375.837875,-97.785951,eval_onboard,minus10_dbv
1416.153002,-99.625825,eval_onboard,minus10_dbv
1457.649452,-109.537987,eval_onboard,minus10_dbv
1500.361842,-96.086948,eval_onboard,minus10_dbv
1544.325799,-109.344383,eval_onboard,minus10_dbv
1589.577999,-98.528687,eval_onboard,minus10_dbv
1636.156190,-100.411638,eval_onboard,minus10_dbv
1684.099226,-110.028994,eval_onboard,minus10_dbv
1733.447100,-97.043323,eval_onboard,minus10_dbv
1784.240977,-108.572990,eval_onboard,minus10_dbv
1836.523229,-99.202004,eval_onboard,minus10_dbv
1890.337467,-97.468818,eval_onboard,minus10_dbv
1945.728583,-99.354412,eval_onboard,minus10_dbv
2002.742782,-101.678359,eval_onboard,minus10_dbv
2061.427625,-99.706506,eval_onboard,minus10_dbv
2121.832065,-101.936984,eval_onboard,minus10_dbv
2184.006490,-99.970407,eval_onboard,minus10_dbv
2248.002765,-102.479002,eval_onboard,minus10_dbv
2313.874274,-100.449411,eval_onboard,minus10_dbv
2381.675966,-102.744806,eval_onboard,minus10_dbv
2451.464399,-99.043103,eval_onboard,minus10_dbv
2523.297789,-100.217415,eval_onboard,minus10_dbv
2597.236057,-103.507777,eval_onboard,minus10_dbv
2673.340883,-101.253230,eval_onboard,minus10_dbv
2751.675750,-103.724373,eval_onboard,minus10_dbv
2832.306004,-98.038379,eval_onboard,minus10_dbv
2915.298905,-100.978789,eval_onboard,minus10_dbv
3000.723683,-100.922818,eval_onboard,minus10_dbv
3088.651599,-103.478268,eval_onboard,minus10_dbv
3179.155999,-100.982224,eval_onboard,minus10_dbv
3272.312380,-101.188006,eval_onboard,minus10_dbv
3368.198452,-102.740374,eval_onboard,minus10_dbv
3466.894200,-105.514758,eval_onboard,minus10_dbv
3568.481954,-101.830091,eval_onboard,minus10_dbv
3673.046457,-102.096919,eval_onboard,minus10_dbv
3780.674934,-100.171078,eval_onboard,minus10_dbv
3891.457165,-102.791259,eval_onboard,minus10_dbv
4005.485564,-102.975375,eval_onboard,minus10_dbv
4122.855250,-103.316700,eval_onboard,minus10_dbv
4243.664130,-103.507635,eval_onboard,minus10_dbv
4368.012981,-102.504262,eval_onboard,minus10_dbv
4496.005531,-104.272014,eval_onboard,minus10_dbv
4627.748549,-103.521012,eval_onboard,minus10_dbv
4763.351932,-104.781776,eval_onboard,minus10_dbv
4902.928797,-103.286681,eval_onboard,minus10_dbv
5046.595577,-104.551186,eval_onboard,minus10_dbv
5194.472115,-105.965741,eval_onboard,minus10_dbv
5346.681766,-106.027467,eval_onboard,minus10_dbv
5503.351500,-104.847688,eval_onboard,minus10_dbv
5664.612008,-103.059563,eval_onboard,minus10_dbv
5830.597810,-107.071599,eval_onboard,minus10_dbv
6001.447367,-105.881252,eval_onboard,minus10_dbv
6177.303198,-107.882770,eval_onboard,minus10_dbv
6358.311998,-106.488179,eval_onboard,minus10_dbv
6544.624761,-107.379823,eval_onboard,minus10_dbv
6736.396904,-108.729103,eval_onboard,minus10_dbv
6933.788400,-106.785427,eval_onboard,minus10_dbv
7136.963909,-108.408454,eval_onboard,minus10_dbv
7346.092914,-109.580608,eval_onboard,minus10_dbv
7561.349867,-108.289755,eval_onboard,minus10_dbv
7782.914330,-109.347193,eval_onboard,minus10_dbv
8010.971128,-108.594673,eval_onboard,minus10_dbv
8245.710500,-110.092741,eval_onboard,minus10_dbv
8487.328260,-110.429024,eval_onboard,minus10_dbv
8736.025961,-110.370237,eval_onboard,minus10_dbv
8992.011061,-110.600028,eval_onboard,minus10_dbv
9255.497097,-110.622272,eval_onboard,minus10_dbv
9526.703863,-110.782190,eval_onboard,minus10_dbv
9805.857594,-110.605308,eval_onboard,minus10_dbv
10093.191154,-110.776281,eval_onboard,minus10_dbv
10388.944230,-110.549268,eval_onboard,minus10_dbv
10693.363532,-110.596883,eval_onboard,minus10_dbv
11006.703001,-110.535092,eval_onboard,minus10_dbv
11329.224017,-110.349590,eval_onboard,minus10_dbv
11661.195620,-110.445954,eval_onboard,minus10_dbv
12002.894734,-110.186137,eval_onboard,minus10_dbv
12354.606395,-110.125213,eval_onboard,minus10_dbv
12716.623996,-110.306276,eval_onboard,minus10_dbv
13089.249521,-110.329604,eval_onboard,minus10_dbv
13472.793808,-110.394221,eval_onboard,minus10_dbv
13867.576801,-110.156596,eval_onboard,minus10_dbv
14273.927818,-110.388581,eval_onboard,minus10_dbv
14692.185828,-110.403843,eval_onboard,minus10_dbv
15122.699734,-110.591406,eval_onboard,minus10_dbv
15565.828661,-110.762558,eval_onboard,minus10_dbv
16021.942256,-109.933271,eval_onboard,minus10_dbv
16491.420999,-110.925985,eval_onboard,minus10_dbv
16974.656520,-110.936946,eval_onboard,minus10_dbv
17472.051922,-111.055520,eval_onboard,minus10_dbv
17984.022122,-110.877673,eval_onboard,minus10_dbv
18510.994194,-111.068129,eval_onboard,minus10_dbv
19053.407727,-110.822537,eval_onboard,minus10_dbv
19611.715189,-110.800567,eval_onboard,minus10_dbv
20186.382308,-110.894057,eval_onboard,minus10_dbv
20777.888460,-110.961278,eval_onboard,minus10_dbv
21386.727064,-110.996838,eval_onboard,minus10_dbv
20.290907,-94.299219,eval_onboard,minus6_dbv
20.885476,-95.574000,eval_onboard,minus6_dbv
21.497467,-96.549697,eval_onboard,minus6_dbv
22.127391,-94.045413,eval_onboard,minus6_dbv
22.775773,-98.138595,eval_onboard,minus6_dbv
23.443154,-96.085000,eval_onboard,minus6_dbv
24.130091,-97.575314,eval_onboard,minus6_dbv
24.837156,-98.693579,eval_onboard,minus6_dbv
25.564940,-99.580571,eval_onboard,minus6_dbv
26.314050,-95.933629,eval_onboard,minus6_dbv
27.085111,-97.698984,eval_onboard,minus6_dbv
27.878765,-97.811540,eval_onboard,minus6_dbv
28.695675,-97.958912,eval_onboard,minus6_dbv
29.536523,-95.247400,eval_onboard,minus6_dbv
30.402009,-96.292921,eval_onboard,minus6_dbv
31.292856,-98.598730,eval_onboard,minus6_dbv
32.209807,-99.482326,eval_onboard,minus6_dbv
33.153626,-97.571027,eval_onboard,minus6_dbv
34.125101,-96.298573,eval_onboard,minus6_dbv
35.125043,-99.081538,eval_onboard,minus6_dbv
36.154286,-95.517431,eval_onboard,minus6_dbv
37.213687,-97.943436,eval_onboard,minus6_dbv
38.304131,-92.807580,eval_onboard,minus6_dbv
39.426528,-85.176172,eval_onboard,minus6_dbv
40.581813,-68.027603,eval_onboard,minus6_dbv
41.770951,-89.040309,eval_onboard,minus6_dbv
42.994934,-96.579181,eval_onboard,minus6_dbv
44.254781,-100.564259,eval_onboard,minus6_dbv
45.551545,-99.440768,eval_onboard,minus6_dbv
46.886308,-100.402252,eval_onboard,minus6_dbv
48.260181,-101.775700,eval_onboard,minus6_dbv
49.674312,-100.819315,eval_onboard,minus6_dbv
51.129881,-102.094467,eval_onboard,minus6_dbv
52.628101,-100.378195,eval_onboard,minus6_dbv
54.170222,-103.180027,eval_onboard,minus6_dbv
55.757531,-102.997710,eval_onboard,minus6_dbv
57.391351,-105.535030,eval_onboard,minus6_dbv
59.073046,-103.259831,eval_onboard,minus6_dbv
60.804018,-102.869953,eval_onboard,minus6_dbv
62.585712,-106.373293,eval_onboard,minus6_dbv
64.419613,-104.728419,eval_onboard,minus6_dbv
66.307252,-103.548892,eval_onboard,minus6_dbv
68.250203,-103.054049,eval_onboard,minus6_dbv
70.250086,-102.639590,eval_onboard,minus6_dbv
72.308571,-103.619683,eval_onboard,minus6_dbv
74.427374,-102.248927,eval_onboard,minus6_dbv
76.608262,-100.226518,eval_onboard,minus6_dbv
78.853056,-75.959622,eval_onboard,minus6_dbv
81.163627,-95.511653,eval_onboard,minus6_dbv
83.541903,-101.058947,eval_onboard,minus6_dbv
85.989867,-103.533399,eval_onboard,minus6_dbv
88.509563,-104.101628,eval_onboard,minus6_dbv
91.103091,-103.675468,eval_onboard,minus6_dbv
93.772615,-103.839465,eval_onboard,minus6_dbv
96.520362,-107.047602,eval_onboard,minus6_dbv
99.348625,-102.413213,eval_onboard,minus6_dbv
102.259762,-106.454595,eval_onboard,minus6_dbv
105.256202,-108.043049,eval_onboard,minus6_dbv
108.340444,-106.751320,eval_onboard,minus6_dbv
111.515061,-107.152317,eval_onboard,minus6_dbv
114.782702,-108.834125,eval_onboard,minus6_dbv
118.146092,-99.582955,eval_onboard,minus6_dbv
121.608036,-99.340407,eval_onboard,minus6_dbv
125.171424,-108.357310,eval_onboard,minus6_dbv
128.839227,-108.781630,eval_onboard,minus6_dbv
132.614504,-106.317875,eval_onboard,minus6_dbv
136.500406,-108.521198,eval_onboard,minus6_dbv
140.500173,-104.594446,eval_onboard,minus6_dbv
144.617142,-106.945628,eval_onboard,minus6_dbv
148.854748,-107.187419,eval_onboard,minus6_dbv
153.216525,-104.898709,eval_onboard,minus6_dbv
157.706112,-100.262669,eval_onboard,minus6_dbv
162.327254,-82.636787,eval_onboard,minus6_dbv
167.083805,-106.398996,eval_onboard,minus6_dbv
171.979734,-107.670599,eval_onboard,minus6_dbv
177.019125,-107.529425,eval_onboard,minus6_dbv
182.206182,-108.120890,eval_onboard,minus6_dbv
187.545230,-107.205167,eval_onboard,minus6_dbv
193.040725,-106.696115,eval_onboard,minus6_dbv
198.697250,-84.568542,eval_onboard,minus6_dbv
204.519524,-106.731977,eval_onboard,minus6_dbv
210.512403,-107.283998,eval_onboard,minus6_dbv
216.680888,-107.641629,eval_onboard,minus6_dbv
223.030122,-107.218779,eval_onboard,minus6_dbv
229.565404,-109.549477,eval_onboard,minus6_dbv
236.292183,-107.993904,eval_onboard,minus6_dbv
243.216073,-105.288053,eval_onboard,minus6_dbv
250.342848,-111.137414,eval_onboard,minus6_dbv
257.678453,-106.355502,eval_onboard,minus6_dbv
265.229008,-107.764189,eval_onboard,minus6_dbv
273.000811,-106.409976,eval_onboard,minus6_dbv
281.000346,-86.254872,eval_onboard,minus6_dbv
289.234284,-106.895154,eval_onboard,minus6_dbv
297.709496,-108.369508,eval_onboard,minus6_dbv
306.433050,-108.661815,eval_onboard,minus6_dbv
315.412224,-87.739571,eval_onboard,minus6_dbv
324.654507,-104.819092,eval_onboard,minus6_dbv
334.167610,-108.412127,eval_onboard,minus6_dbv
343.959469,-107.241066,eval_onboard,minus6_dbv
354.038251,-109.903204,eval_onboard,minus6_dbv
364.412363,-104.596744,eval_onboard,minus6_dbv
375.090460,-108.361652,eval_onboard,minus6_dbv
386.081450,-107.972950,eval_onboard,minus6_dbv
397.394500,-88.113310,eval_onboard,minus6_dbv
409.039048,-107.185764,eval_onboard,minus6_dbv
421.024807,-108.381044,eval_onboard,minus6_dbv
433.361775,-89.499961,eval_onboard,minus6_dbv
446.060244,-104.458688,eval_onboard,minus6_dbv
459.130807,-108.017897,eval_onboard,minus6_dbv
472.584367,-109.500455,eval_onboard,minus6_dbv
486.432146,-106.568985,eval_onboard,minus6_dbv
500.685695,-107.831759,eval_onboard,minus6_dbv
515.356906,-89.315899,eval_onboard,minus6_dbv
530.458016,-107.799791,eval_onboard,minus6_dbv
546.001623,-108.411521,eval_onboard,minus6_dbv
562.000691,-90.895721,eval_onboard,minus6_dbv
578.468569,-107.669398,eval_onboard,minus6_dbv
595.418991,-106.924054,eval_onboard,minus6_dbv
612.866100,-108.246716,eval_onboard,minus6_dbv
630.824447,-99.381582,eval_onboard,minus6_dbv
649.309014,-90.887268,eval_onboard,minus6_dbv
668.335221,-107.451278,eval_onboard,minus6_dbv
687.918938,-92.160642,eval_onboard,minus6_dbv
708.076501,-109.049567,eval_onboard,minus6_dbv
728.824726,-107.050504,eval_onboard,minus6_dbv
750.180921,-90.865959,eval_onboard,minus6_dbv
772.162900,-107.014835,eval_onboard,minus6_dbv
794.789000,-92.983156,eval_onboard,minus6_dbv
818.078095,-108.476700,eval_onboard,minus6_dbv
842.049613,-108.437659,eval_onboard,minus6_dbv
866.723550,-106.473081,eval_onboard,minus6_dbv
892.120489,-92.366114,eval_onboard,minus6_dbv
918.261614,-93.852951,eval_onboard,minus6_dbv
945.168733,-88.371753,eval_onboard,minus6_dbv
972.864291,-107.640414,eval_onboard,minus6_dbv
1001.371391,-23.643352,eval_onboard,minus6_dbv
1030.713812,-94.639649,eval_onboard,minus6_dbv
1060.916032,-109.070497,eval_onboard,minus6_dbv
1092.003245,-107.890066,eval_onboard,minus6_dbv
1124.001383,-93.344012,eval_onboard,minus6_dbv
1156.937137,-95.296421,eval_onboard,minus6_dbv
1190.837983,-108.497194,eval_onboard,minus6_dbv
1225.732199,-92.939971,eval_onboard,minus6_dbv
1261.648894,-92.420120,eval_onboard,minus6_dbv
1298.618029,-108.943706,eval_onboard,minus6_dbv
1336.670442,-108.049370,eval_onboard,minus6_dbv
1375.837875,-93.754877,eval_onboard,minus6_dbv
1416.153002,-96.696101,eval_onboard,minus6_dbv
1457.649452,-106.999208,eval_onboard,minus6_dbv
1500.361842,-92.524347,eval_onboard,minus6_dbv
1544.325799,-108.036730,eval_onboard,minus6_dbv
1589.577999,-94.524714,eval_onboard,minus6_dbv
1636.156190,-97.796817,eval_onboard,minus6_dbv
1684.099226,-108.545662,eval_onboard,minus6_dbv
1733.447100,-93.639827,eval_onboard,minus6_dbv
1784.240977,-105.671799,eval_onboard,minus6_dbv
1836.523229,-95.228824,eval_onboard,minus6_dbv
1890.337467,-96.364074,eval_onboard,minus6_dbv
1945.728583,-95.604892,eval_onboard,minus6_dbv
2002.742782,-99.334345,eval_onboard,minus6_dbv
2061.427625,-96.033000,eval_onboard,minus6_dbv
2121.832065,-99.971007,eval_onboard,minus6_dbv
2184.006490,-96.343854,eval_onboard,minus6_dbv
2248.002765,-100.278228,eval_onboard,minus6_dbv
2313.874274,-96.783375,eval_onboard,minus6_dbv
2381.675966,-100.849565,eval_onboard,minus6_dbv
2451.464399,-96.033183,eval_onboard,minus6_dbv
2523.297789,-97.248287,eval_onboard,minus6_dbv
2597.236057,-101.497902,eval_onboard,minus6_dbv
2673.340883,-98.054443,eval_onboard,minus6_dbv
2751.675750,-102.000784,eval_onboard,minus6_dbv
2832.306004,-96.088004,eval_onboard,minus6_dbv
2915.298905,-98.399385,eval_onboard,minus6_dbv
3000.723683,-98.155216,eval_onboard,minus6_dbv
3088.651599,-102.135727,eval_onboard,minus6_dbv
3179.155999,-98.237032,eval_onboard,minus6_dbv
3272.312380,-98.787458,eval_onboard,minus6_dbv
3368.198452,-100.235861,eval_onboard,minus6_dbv
3466.894200,-104.257620,eval_onboard,minus6_dbv
3568.481954,-99.538619,eval_onboard,minus6_dbv
3673.046457,-99.992825,eval_onboard,minus6_dbv
3780.674934,-98.843483,eval_onboard,minus6_dbv
3891.457165,-100.759217,eval_onboard,minus6_dbv
4005.485564,-101.072488,eval_onboard,minus6_dbv
4122.855250,-101.460060,eval_onboard,minus6_dbv
4243.664130,-101.669848,eval_onboard,minus6_dbv
4368.012981,-101.248281,eval_onboard,minus6_dbv
4496.005531,-102.404916,eval_onboard,minus6_dbv
4627.748549,-102.156184,eval_onboard,minus6_dbv
4763.351932,-103.299163,eval_onboard,minus6_dbv
4902.928797,-101.574487,eval_onboard,minus6_dbv
5046.595577,-103.098498,eval_onboard,minus6_dbv
5194.472115,-104.320917,eval_onboard,minus6_dbv
5346.681766,-104.780793,eval_onboard,minus6_dbv
5503.351500,-103.325071,eval_onboard,minus6_dbv
5664.612008,-102.177211,eval_onboard,minus6_dbv
5830.597810,-105.642647,eval_onboard,minus6_dbv
6001.447367,-104.280406,eval_onboard,minus6_dbv
6177.303198,-106.393883,eval_onboard,minus6_dbv
6358.311998,-105.273441,eval_onboard,minus6_dbv
6544.624761,-105.797965,eval_onboard,minus6_dbv
6736.396904,-107.469508,eval_onboard,minus6_dbv
6933.788400,-105.734759,eval_onboard,minus6_dbv
7136.963909,-106.977431,eval_onboard,minus6_dbv
7346.092914,-108.712245,eval_onboard,minus6_dbv
7561.349867,-107.252755,eval_onboard,minus6_dbv
7782.914330,-108.293239,eval_onboard,minus6_dbv
8010.971128,-107.849632,eval_onboard,minus6_dbv
8245.710500,-109.097926,eval_onboard,minus6_dbv
8487.328260,-109.427777,eval_onboard,minus6_dbv
8736.025961,-109.811521,eval_onboard,minus6_dbv
8992.011061,-109.978237,eval_onboard,minus6_dbv
9255.497097,-109.870103,eval_onboard,minus6_dbv
9526.703863,-110.047379,eval_onboard,minus6_dbv
9805.857594,-110.051325,eval_onboard,minus6_dbv
10093.191154,-110.157213,eval_onboard,minus6_dbv
10388.944230,-110.152687,eval_onboard,minus6_dbv
10693.363532,-110.039555,eval_onboard,minus6_dbv
11006.703001,-110.023944,eval_onboard,minus6_dbv
11329.224017,-109.445704,eval_onboard,minus6_dbv
11661.195620,-109.909807,eval_onboard,minus6_dbv
12002.894734,-109.555096,eval_onboard,minus6_dbv
12354.606395,-109.497507,eval_onboard,minus6_dbv
12716.623996,-109.674767,eval_onboard,minus6_dbv
13089.249521,-109.762208,eval_onboard,minus6_dbv
13472.793808,-109.688207,eval_onboard,minus6_dbv
13867.576801,-109.654244,eval_onboard,minus6_dbv
14273.927818,-109.736852,eval_onboard,minus6_dbv
14692.185828,-110.054546,eval_onboard,minus6_dbv
15122.699734,-109.665343,eval_onboard,minus6_dbv
15565.828661,-109.890111,eval_onboard,minus6_dbv
16021.942256,-109.410701,eval_onboard,minus6_dbv
16491.420999,-110.133696,eval_onboard,minus6_dbv
16974.656520,-110.246999,eval_onboard,minus6_dbv
17472.051922,-110.486343,eval_onboard,minus6_dbv
17984.022122,-110.283765,eval_onboard,minus6_dbv
18510.994194,-110.436111,eval_onboard,minus6_dbv
19053.407727,-110.554701,eval_onboard,minus6_dbv
19611.715189,-110.358099,eval_onboard,minus6_dbv
20186.382308,-110.402441,eval_onboard,minus6_dbv
20777.888460,-110.308282,eval_onboard,minus6_dbv
21386.727064,-110.365819,eval_onboard,minus6_dbv
20.290907,-105.622459,tiresias_vdd,no_input
20.885476,-104.285000,tiresias_vdd,no_input
21.497467,-101.291635,tiresias_vdd,no_input
22.127391,-107.537669,tiresias_vdd,no_input
22.775773,-106.706827,tiresias_vdd,no_input
23.443154,-103.463000,tiresias_vdd,no_input
24.130091,-102.268341,tiresias_vdd,no_input
24.837156,-103.978662,tiresias_vdd,no_input
25.564940,-107.217708,tiresias_vdd,no_input
26.314050,-106.916357,tiresias_vdd,no_input
27.085111,-102.308359,tiresias_vdd,no_input
27.878765,-103.380220,tiresias_vdd,no_input
28.695675,-107.423331,tiresias_vdd,no_input
29.536523,-104.869612,tiresias_vdd,no_input
30.402009,-106.034129,tiresias_vdd,no_input
31.292856,-105.092828,tiresias_vdd,no_input
32.209807,-106.679990,tiresias_vdd,no_input
33.153626,-107.349325,tiresias_vdd,no_input
34.125101,-106.421242,tiresias_vdd,no_input
35.125043,-105.141510,tiresias_vdd,no_input
36.154286,-105.903215,tiresias_vdd,no_input
37.213687,-107.603543,tiresias_vdd,no_input
38.304131,-104.489232,tiresias_vdd,no_input
39.426528,-105.280738,tiresias_vdd,no_input
40.581813,-107.223890,tiresias_vdd,no_input
41.770951,-107.898824,tiresias_vdd,no_input
42.994934,-107.594975,tiresias_vdd,no_input
44.254781,-108.002254,tiresias_vdd,no_input
45.551545,-105.507552,tiresias_vdd,no_input
46.886308,-107.195807,tiresias_vdd,no_input
48.260181,-109.701423,tiresias_vdd,no_input
49.674312,-106.569063,tiresias_vdd,no_input
51.129881,-108.472432,tiresias_vdd,no_input
52.628101,-107.079308,tiresias_vdd,no_input
54.170222,-108.696220,tiresias_vdd,no_input
55.757531,-109.984718,tiresias_vdd,no_input
57.391351,-111.782545,tiresias_vdd,no_input
59.073046,-106.662035,tiresias_vdd,no_input
60.804018,-104.803128,tiresias_vdd,no_input
62.585712,-109.030510,tiresias_vdd,no_input
64.419613,-110.395872,tiresias_vdd,no_input
66.307252,-110.168070,tiresias_vdd,no_input
68.250203,-108.170261,tiresias_vdd,no_input
70.250086,-110.569389,tiresias_vdd,no_input
72.308571,-108.128259,tiresias_vdd,no_input
74.427374,-110.530726,tiresias_vdd,no_input
76.608262,-109.071382,tiresias_vdd,no_input
78.853056,-109.776782,tiresias_vdd,no_input
81.163627,-108.863009,tiresias_vdd,no_input
83.541903,-109.520375,tiresias_vdd,no_input
85.989867,-108.890513,tiresias_vdd,no_input
88.509563,-111.151183,tiresias_vdd,no_input
91.103091,-111.599650,tiresias_vdd,no_input
93.772615,-112.018083,tiresias_vdd,no_input
96.520362,-111.001963,tiresias_vdd,no_input
99.348625,-110.003668,tiresias_vdd,no_input
102.259762,-110.293235,tiresias_vdd,no_input
105.256202,-111.357063,tiresias_vdd,no_input
108.340444,-111.884643,tiresias_vdd,no_input
111.515061,-113.114758,tiresias_vdd,no_input
114.782702,-111.330136,tiresias_vdd,no_input
118.146092,-104.724682,tiresias_vdd,no_input
121.608036,-105.476192,tiresias_vdd,no_input
125.171424,-112.143818,tiresias_vdd,no_input
128.839227,-111.014022,tiresias_vdd,no_input
132.614504,-110.832799,tiresias_vdd,no_input
136.500406,-112.806857,tiresias_vdd,no_input
140.500173,-111.389498,tiresias_vdd,no_input
144.617142,-112.428952,tiresias_vdd,no_input
148.854748,-110.613239,tiresias_vdd,no_input
153.216525,-111.570507,tiresias_vdd,no_input
157.706112,-110.848884,tiresias_vdd,no_input
162.327254,-110.805284,tiresias_vdd,no_input
167.083805,-110.091654,tiresias_vdd,no_input
171.979734,-111.693604,tiresias_vdd,no_input
177.019125,-111.680397,tiresias_vdd,no_input
182.206182,-110.785541,tiresias_vdd,no_input
187.545230,-111.400171,tiresias_vdd,no_input
193.040725,-111.030063,tiresias_vdd,no_input
198.697250,-110.300659,tiresias_vdd,no_input
204.519524,-111.180492,tiresias_vdd,no_input
210.512403,-111.471254,tiresias_vdd,no_input
216.680888,-110.878381,tiresias_vdd,no_input
223.030122,-112.490792,tiresias_vdd,no_input
229.565404,-110.955694,tiresias_vdd,no_input
236.292183,-109.631233,tiresias_vdd,no_input
243.216073,-108.285871,tiresias_vdd,no_input
250.342848,-111.373200,tiresias_vdd,no_input
257.678453,-111.113037,tiresias_vdd,no_input
265.229008,-112.673972,tiresias_vdd,no_input
273.000811,-111.405629,tiresias_vdd,no_input
281.000346,-110.713282,tiresias_vdd,no_input
289.234284,-112.232645,tiresias_vdd,no_input
297.709496,-110.938527,tiresias_vdd,no_input
306.433050,-111.678431,tiresias_vdd,no_input
315.412224,-111.871405,tiresias_vdd,no_input
324.654507,-112.091858,tiresias_vdd,no_input
334.167610,-112.507415,tiresias_vdd,no_input
343.959469,-111.526932,tiresias_vdd,no_input
354.038251,-110.852626,tiresias_vdd,no_input
364.412363,-108.502370,tiresias_vdd,no_input
375.090460,-111.582030,tiresias_vdd,no_input
386.081450,-111.860384,tiresias_vdd,no_input
397.394500,-112.429521,tiresias_vdd,no_input
409.039048,-111.037672,tiresias_vdd,no_input
421.024807,-112.064478,tiresias_vdd,no_input
433.361775,-112.313112,tiresias_vdd,no_input
446.060244,-111.525640,tiresias_vdd,no_input
459.130807,-111.955612,tiresias_vdd,no_input
472.584367,-110.890293,tiresias_vdd,no_input
486.432146,-109.603932,tiresias_vdd,no_input
500.685695,-111.434251,tiresias_vdd,no_input
515.356906,-111.649774,tiresias_vdd,no_input
530.458016,-112.017270,tiresias_vdd,no_input
546.001623,-111.215167,tiresias_vdd,no_input
562.000691,-112.026483,tiresias_vdd,no_input
578.468569,-112.168630,tiresias_vdd,no_input
595.418991,-109.745022,tiresias_vdd,no_input
612.866100,-112.108483,tiresias_vdd,no_input
630.824447,-112.556151,tiresias_vdd,no_input
649.309014,-112.130952,tiresias_vdd,no_input
668.335221,-112.065578,tiresias_vdd,no_input
687.918938,-112.464966,tiresias_vdd,no_input
708.076501,-111.756640,tiresias_vdd,no_input
728.824726,-110.387923,tiresias_vdd,no_input
750.180921,-112.308504,tiresias_vdd,no_input
772.162900,-112.409779,tiresias_vdd,no_input
794.789000,-112.096174,tiresias_vdd,no_input
818.078095,-111.643386,tiresias_vdd,no_input
842.049613,-110.132398,tiresias_vdd,no_input
866.723550,-112.146515,tiresias_vdd,no_input
892.120489,-111.423151,tiresias_vdd,no_input
918.261614,-111.773013,tiresias_vdd,no_input
945.168733,-88.376649,tiresias_vdd,no_input
972.864291,-110.275754,tiresias_vdd,no_input
1001.371391,-111.855574,tiresias_vdd,no_input
1030.713812,-111.635752,tiresias_vdd,no_input
1060.916032,-112.142871,tiresias_vdd,no_input
1092.003245,-110.621504,tiresias_vdd,no_input
1124.001383,-111.607366,tiresias_vdd,no_input
1156.937137,-112.377898,tiresias_vdd,no_input
1190.837983,-110.692588,tiresias_vdd,no_input
1225.732199,-110.536704,tiresias_vdd,no_input
1261.648894,-94.902258,tiresias_vdd,no_input
1298.618029,-111.918277,tiresias_vdd,no_input
1336.670442,-111.124875,tiresias_vdd,no_input
1375.837875,-111.732918,tiresias_vdd,no_input
1416.153002,-112.147356,tiresias_vdd,no_input
1457.649452,-111.573692,tiresias_vdd,no_input
1500.361842,-111.664369,tiresias_vdd,no_input
1544.325799,-111.541686,tiresias_vdd,no_input
1589.577999,-111.855064,tiresias_vdd,no_input
1636.156190,-112.112265,tiresias_vdd,no_input
1684.099226,-111.559640,tiresias_vdd,no_input
1733.447100,-111.982851,tiresias_vdd,no_input
1784.240977,-111.281596,tiresias_vdd,no_input
1836.523229,-111.785296,tiresias_vdd,no_input
1890.337467,-99.578991,tiresias_vdd,no_input
1945.728583,-111.120739,tiresias_vdd,no_input
2002.742782,-111.971562,tiresias_vdd,no_input
2061.427625,-111.602146,tiresias_vdd,no_input
2121.832065,-112.082607,tiresias_vdd,no_input
2184.006490,-111.457741,tiresias_vdd,no_input
2248.002765,-111.692241,tiresias_vdd,no_input
2313.874274,-111.993091,tiresias_vdd,no_input
2381.675966,-111.544914,tiresias_vdd,no_input
2451.464399,-111.822843,tiresias_vdd,no_input
2523.297789,-107.009911,tiresias_vdd,no_input
2597.236057,-112.244938,tiresias_vdd,no_input
2673.340883,-111.474746,tiresias_vdd,no_input
2751.675750,-112.068044,tiresias_vdd,no_input
2832.306004,-101.860574,tiresias_vdd,no_input
2915.298905,-111.521872,tiresias_vdd,no_input
3000.723683,-111.747322,tiresias_vdd,no_input
3088.651599,-107.624096,tiresias_vdd,no_input
3179.155999,-111.863892,tiresias_vdd,no_input
3272.312380,-111.838706,tiresias_vdd,no_input
3368.198452,-111.814352,tiresias_vdd,no_input
3466.894200,-111.912363,tiresias_vdd,no_input
3568.481954,-111.683161,tiresias_vdd,no_input
3673.046457,-111.616013,tiresias_vdd,no_input
3780.674934,-103.354243,tiresias_vdd,no_input
3891.457165,-111.913732,tiresias_vdd,no_input
4005.485564,-111.640384,tiresias_vdd,no_input
4122.855250,-111.971025,tiresias_vdd,no_input
4243.664130,-111.864701,tiresias_vdd,no_input
4368.012981,-106.589023,tiresias_vdd,no_input
4496.005531,-111.665531,tiresias_vdd,no_input
4627.748549,-108.040295,tiresias_vdd,no_input
4763.351932,-111.617909,tiresias_vdd,no_input
4902.928797,-111.840624,tiresias_vdd,no_input
5046.595577,-109.801210,tiresias_vdd,no_input
5194.472115,-111.772534,tiresias_vdd,no_input
5346.681766,-111.752311,tiresias_vdd,no_input
5503.351500,-111.798991,tiresias_vdd,no_input
5664.612008,-104.585707,tiresias_vdd,no_input
5830.597810,-111.590349,tiresias_vdd,no_input
6001.447367,-111.732538,tiresias_vdd,no_input
6177.303198,-111.661459,tiresias_vdd,no_input
6358.311998,-111.869217,tiresias_vdd,no_input
6544.624761,-111.622073,tiresias_vdd,no_input
6736.396904,-111.904507,tiresias_vdd,no_input
6933.788400,-109.119337,tiresias_vdd,no_input
7136.963909,-111.780835,tiresias_vdd,no_input
7346.092914,-111.936426,tiresias_vdd,no_input
7561.349867,-110.422594,tiresias_vdd,no_input
7782.914330,-111.960123,tiresias_vdd,no_input
8010.971128,-109.893417,tiresias_vdd,no_input
8245.710500,-112.229171,tiresias_vdd,no_input
8487.328260,-112.000213,tiresias_vdd,no_input
8736.025961,-112.337421,tiresias_vdd,no_input
8992.011061,-112.055147,tiresias_vdd,no_input
9255.497097,-112.158746,tiresias_vdd,no_input
9526.703863,-112.195866,tiresias_vdd,no_input
9805.857594,-112.278672,tiresias_vdd,no_input
10093.191154,-112.338408,tiresias_vdd,no_input
10388.944230,-112.240203,tiresias_vdd,no_input
10693.363532,-112.226236,tiresias_vdd,no_input
11006.703001,-112.103101,tiresias_vdd,no_input
11329.224017,-112.139797,tiresias_vdd,no_input
11661.195620,-112.144452,tiresias_vdd,no_input
12002.894734,-111.817302,tiresias_vdd,no_input
12354.606395,-112.088293,tiresias_vdd,no_input
12716.623996,-112.133199,tiresias_vdd,no_input
13089.249521,-112.022178,tiresias_vdd,no_input
13472.793808,-112.174047,tiresias_vdd,no_input
13867.576801,-111.944701,tiresias_vdd,no_input
14273.927818,-112.222188,tiresias_vdd,no_input
14692.185828,-112.217369,tiresias_vdd,no_input
15122.699734,-112.331844,tiresias_vdd,no_input
15565.828661,-112.356538,tiresias_vdd,no_input
16021.942256,-111.499181,tiresias_vdd,no_input
16491.420999,-112.585278,tiresias_vdd,no_input
16974.656520,-112.619488,tiresias_vdd,no_input
17472.051922,-112.583362,tiresias_vdd,no_input
17984.022122,-112.492883,tiresias_vdd,no_input
18510.994194,-112.535790,tiresias_vdd,no_input
19053.407727,-112.463658,tiresias_vdd,no_input
19611.715189,-112.353908,tiresias_vdd,no_input
20186.382308,-112.465464,tiresias_vdd,no_input
20777.888460,-112.503560,tiresias_vdd,no_input
21386.727064,-112.682355,tiresias_vdd,no_input
20.290907,-92.479763,tiresias_vdd,minus10_dbv
20.885476,-98.570000,tiresias_vdd,minus10_dbv
21.497467,-101.424528,tiresias_vdd,minus10_dbv
22.127391,-100.146351,tiresias_vdd,minus10_dbv
22.775773,-98.740303,tiresias_vdd,minus10_dbv
23.443154,-99.734000,tiresias_vdd,minus10_dbv
24.130091,-102.218257,tiresias_vdd,minus10_dbv
24.837156,-100.044277,tiresias_vdd,minus10_dbv
25.564940,-103.155894,tiresias_vdd,minus10_dbv
26.314050,-101.323169,tiresias_vdd,minus10_dbv
27.085111,-101.493069,tiresias_vdd,minus10_dbv
27.878765,-101.428911,tiresias_vdd,minus10_dbv
28.695675,-101.411884,tiresias_vdd,minus10_dbv
29.536523,-102.389504,tiresias_vdd,minus10_dbv
30.402009,-100.805317,tiresias_vdd,minus10_dbv
31.292856,-103.185811,tiresias_vdd,minus10_dbv
32.209807,-99.956135,tiresias_vdd,minus10_dbv
33.153626,-104.682497,tiresias_vdd,minus10_dbv
34.125101,-103.673730,tiresias_vdd,minus10_dbv
35.125043,-98.895561,tiresias_vdd,minus10_dbv
36.154286,-97.701447,tiresias_vdd,minus10_dbv
37.213687,-100.554051,tiresias_vdd,minus10_dbv
38.304131,-94.892577,tiresias_vdd,minus10_dbv
39.426528,-78.260305,tiresias_vdd,minus10_dbv
40.581813,-76.489309,tiresias_vdd,minus10_dbv
41.770951,-93.458497,tiresias_vdd,minus10_dbv
42.994934,-99.257919,tiresias_vdd,minus10_dbv
44.254781,-100.579098,tiresias_vdd,minus10_dbv
45.551545,-101.863167,tiresias_vdd,minus10_dbv
46.886308,-105.748326,tiresias_vdd,minus10_dbv
48.260181,-104.720922,tiresias_vdd,minus10_dbv
49.674312,-106.332136,tiresias_vdd,minus10_dbv
51.129881,-105.412520,tiresias_vdd,minus10_dbv
52.628101,-104.381574,tiresias_vdd,minus10_dbv
54.170222,-107.957249,tiresias_vdd,minus10_dbv
55.757531,-105.595213,tiresias_vdd,minus10_dbv
57.391351,-108.805408,tiresias_vdd,minus10_dbv
59.073046,-105.510655,tiresias_vdd,minus10_dbv
60.804018,-104.227087,tiresias_vdd,minus10_dbv
62.585712,-107.678163,tiresias_vdd,minus10_dbv
64.419613,-108.848022,tiresias_vdd,minus10_dbv
66.307252,-106.921779,tiresias_vdd,minus10_dbv
68.250203,-106.694213,tiresias_vdd,minus10_dbv
70.250086,-107.772847,tiresias_vdd,minus10_dbv
72.308571,-108.248847,tiresias_vdd,minus10_dbv
74.427374,-104.393132,tiresias_vdd,minus10_dbv
76.608262,-104.225926,tiresias_vdd,minus10_dbv
78.853056,-83.276534,tiresias_vdd,minus10_dbv
81.163627,-89.840677,tiresias_vdd,minus10_dbv
83.541903,-104.814126,tiresias_vdd,minus10_dbv
85.989867,-107.309797,tiresias_vdd,minus10_dbv
88.509563,-107.557381,tiresias_vdd,minus10_dbv
91.103091,-108.192358,tiresias_vdd,minus10_dbv
93.772615,-108.417416,tiresias_vdd,minus10_dbv
96.520362,-109.091052,tiresias_vdd,minus10_dbv
99.348625,-103.946034,tiresias_vdd,minus10_dbv
102.259762,-109.958158,tiresias_vdd,minus10_dbv
105.256202,-111.084827,tiresias_vdd,minus10_dbv
108.340444,-110.429930,tiresias_vdd,minus10_dbv
111.515061,-110.006596,tiresias_vdd,minus10_dbv
114.782702,-109.512805,tiresias_vdd,minus10_dbv
118.146092,-101.766397,tiresias_vdd,minus10_dbv
121.608036,-100.015770,tiresias_vdd,minus10_dbv
125.171424,-107.857531,tiresias_vdd,minus10_dbv
128.839227,-111.739722,tiresias_vdd,minus10_dbv
132.614504,-110.614675,tiresias_vdd,minus10_dbv
136.500406,-108.689690,tiresias_vdd,minus10_dbv
140.500173,-106.602284,tiresias_vdd,minus10_dbv
144.617142,-110.610708,tiresias_vdd,minus10_dbv
148.854748,-110.604906,tiresias_vdd,minus10_dbv
153.216525,-108.803894,tiresias_vdd,minus10_dbv
157.706112,-99.127169,tiresias_vdd,minus10_dbv
162.327254,-89.507718,tiresias_vdd,minus10_dbv
167.083805,-108.729816,tiresias_vdd,minus10_dbv
171.979734,-109.683328,tiresias_vdd,minus10_dbv
177.019125,-111.156924,tiresias_vdd,minus10_dbv
182.206182,-109.357472,tiresias_vdd,minus10_dbv
187.545230,-110.775426,tiresias_vdd,minus10_dbv
193.040725,-108.418163,tiresias_vdd,minus10_dbv
198.697250,-90.866777,tiresias_vdd,minus10_dbv
204.519524,-110.633757,tiresias_vdd,minus10_dbv
210.512403,-110.292052,tiresias_vdd,minus10_dbv
216.680888,-109.173491,tiresias_vdd,minus10_dbv
223.030122,-107.042901,tiresias_vdd,minus10_dbv
229.565404,-109.858655,tiresias_vdd,minus10_dbv
236.292183,-109.436417,tiresias_vdd,minus10_dbv
243.216073,-104.061104,tiresias_vdd,minus10_dbv
250.342848,-109.509089,tiresias_vdd,minus10_dbv
257.678453,-108.643927,tiresias_vdd,minus10_dbv
265.229008,-110.385726,tiresias_vdd,minus10_dbv
273.000811,-110.084724,tiresias_vdd,minus10_dbv
281.000346,-92.610669,tiresias_vdd,minus10_dbv
289.234284,-111.104192,tiresias_vdd,minus10_dbv
297.709496,-110.813237,tiresias_vdd,minus10_dbv
306.433050,-111.570583,tiresias_vdd,minus10_dbv
315.412224,-95.563456,tiresias_vdd,minus10_dbv
324.654507,-98.782356,tiresias_vdd,minus10_dbv
334.167610,-110.879013,tiresias_vdd,minus10_dbv
343.959469,-109.276537,tiresias_vdd,minus10_dbv
354.038251,-110.947910,tiresias_vdd,minus10_dbv
364.412363,-105.730234,tiresias_vdd,minus10_dbv
375.090460,-110.120710,tiresias_vdd,minus10_dbv
386.081450,-111.082300,tiresias_vdd,minus10_dbv
397.394500,-94.813754,tiresias_vdd,minus10_dbv
409.039048,-111.175040,tiresias_vdd,minus10_dbv
421.024807,-111.380259,tiresias_vdd,minus10_dbv
433.361775,-101.078841,tiresias_vdd,minus10_dbv
446.060244,-96.847127,tiresias_vdd,minus10_dbv
459.130807,-110.459902,tiresias_vdd,minus10_dbv
472.584367,-111.181727,tiresias_vdd,minus10_dbv
486.432146,-106.526510,tiresias_vdd,minus10_dbv
500.685695,-109.903804,tiresias_vdd,minus10_dbv
515.356906,-95.693415,tiresias_vdd,minus10_dbv
530.458016,-110.412554,tiresias_vdd,minus10_dbv
546.001623,-111.109129,tiresias_vdd,minus10_dbv
562.000691,-96.751689,tiresias_vdd,minus10_dbv
578.468569,-110.096036,tiresias_vdd,minus10_dbv
595.418991,-106.955041,tiresias_vdd,minus10_dbv
612.866100,-110.369274,tiresias_vdd,minus10_dbv
630.824447,-101.334910,tiresias_vdd,minus10_dbv
649.309014,-98.381570,tiresias_vdd,minus10_dbv
668.335221,-110.344835,tiresias_vdd,minus10_dbv
687.918938,-97.835974,tiresias_vdd,minus10_dbv
708.076501,-110.399732,tiresias_vdd,minus10_dbv
728.824726,-108.370353,tiresias_vdd,minus10_dbv
750.180921,-97.651799,tiresias_vdd,minus10_dbv
772.162900,-109.818090,tiresias_vdd,minus10_dbv
794.789000,-98.640750,tiresias_vdd,minus10_dbv
818.078095,-110.167953,tiresias_vdd,minus10_dbv
842.049613,-108.712849,tiresias_vdd,minus10_dbv
866.723550,-108.730511,tiresias_vdd,minus10_dbv
892.120489,-98.492021,tiresias_vdd,minus10_dbv
918.261614,-99.413593,tiresias_vdd,minus10_dbv
945.168733,-88.505716,tiresias_vdd,minus10_dbv
972.864291,-107.836230,tiresias_vdd,minus10_dbv
1001.371391,-27.641351,tiresias_vdd,minus10_dbv
1030.713812,-99.989560,tiresias_vdd,minus10_dbv
1060.916032,-110.919075,tiresias_vdd,minus10_dbv
1092.003245,-108.409676,tiresias_vdd,minus10_dbv
1124.001383,-99.494650,tiresias_vdd,minus10_dbv
1156.937137,-100.643713,tiresias_vdd,minus10_dbv
1190.837983,-108.447085,tiresias_vdd,minus10_dbv
1225.732199,-99.617040,tiresias_vdd,minus10_dbv
1261.648894,-93.980379,tiresias_vdd,minus10_dbv
1298.618029,-110.067543,tiresias_vdd,minus10_dbv
1336.670442,-108.783610,tiresias_vdd,minus10_dbv
1375.837875,-100.015107,tiresias_vdd,minus10_dbv
1416.153002,-101.633532,tiresias_vdd,minus10_dbv
1457.649452,-108.531698,tiresias_vdd,minus10_dbv
1500.361842,-98.449506,tiresias_vdd,minus10_dbv
1544.325799,-109.144126,tiresias_vdd,minus10_dbv
1589.577999,-100.854944,tiresias_vdd,minus10_dbv
1636.156190,-102.421315,tiresias_vdd,minus10_dbv
1684.099226,-109.509643,tiresias_vdd,minus10_dbv
1733.447100,-101.200368,tiresias_vdd,minus10_dbv
1784.240977,-102.856750,tiresias_vdd,minus10_dbv
1836.523229,-101.477543,tiresias_vdd,minus10_dbv
1890.337467,-98.048233,tiresias_vdd,minus10_dbv
1945.728583,-101.653812,tiresias_vdd,minus10_dbv
2002.742782,-103.594059,tiresias_vdd,minus10_dbv
2061.427625,-101.995105,tiresias_vdd,minus10_dbv
2121.832065,-103.880972,tiresias_vdd,minus10_dbv
2184.006490,-102.218270,tiresias_vdd,minus10_dbv
2248.002765,-104.327930,tiresias_vdd,minus10_dbv
2313.874274,-102.817150,tiresias_vdd,minus10_dbv
2381.675966,-104.381811,tiresias_vdd,minus10_dbv
2451.464399,-101.189247,tiresias_vdd,minus10_dbv
2523.297789,-102.426886,tiresias_vdd,minus10_dbv
2597.236057,-104.675192,tiresias_vdd,minus10_dbv
2673.340883,-103.197857,tiresias_vdd,minus10_dbv
2751.675750,-105.510349,tiresias_vdd,minus10_dbv
2832.306004,-99.242301,tiresias_vdd,minus10_dbv
2915.298905,-103.776543,tiresias_vdd,minus10_dbv
3000.723683,-102.591541,tiresias_vdd,minus10_dbv
3088.651599,-104.604217,tiresias_vdd,minus10_dbv
3179.155999,-102.976091,tiresias_vdd,minus10_dbv
3272.312380,-103.150576,tiresias_vdd,minus10_dbv
3368.198452,-104.921954,tiresias_vdd,minus10_dbv
3466.894200,-106.982485,tiresias_vdd,minus10_dbv
3568.481954,-103.839950,tiresias_vdd,minus10_dbv
3673.046457,-104.119159,tiresias_vdd,minus10_dbv
3780.674934,-101.190526,tiresias_vdd,minus10_dbv
3891.457165,-104.544414,tiresias_vdd,minus10_dbv
4005.485564,-104.825436,tiresias_vdd,minus10_dbv
4122.855250,-105.187326,tiresias_vdd,minus10_dbv
4243.664130,-105.465524,tiresias_vdd,minus10_dbv
4368.012981,-103.682731,tiresias_vdd,minus10_dbv
4496.005531,-105.919947,tiresias_vdd,minus10_dbv
4627.748549,-104.926832,tiresias_vdd,minus10_dbv
4763.351932,-106.350865,tiresias_vdd,minus10_dbv
4902.928797,-104.978460,tiresias_vdd,minus10_dbv
5046.595577,-105.678918,tiresias_vdd,minus10_dbv
5194.472115,-107.460031,tiresias_vdd,minus10_dbv
5346.681766,-107.426823,tiresias_vdd,minus10_dbv
5503.351500,-106.150126,tiresias_vdd,minus10_dbv
5664.612008,-103.319801,tiresias_vdd,minus10_dbv
5830.597810,-108.312037,tiresias_vdd,minus10_dbv
6001.447367,-106.985402,tiresias_vdd,minus10_dbv
6177.303198,-108.614020,tiresias_vdd,minus10_dbv
6358.311998,-107.690526,tiresias_vdd,minus10_dbv
6544.624761,-108.183219,tiresias_vdd,minus10_dbv
6736.396904,-109.477370,tiresias_vdd,minus10_dbv
6933.788400,-107.706213,tiresias_vdd,minus10_dbv
7136.963909,-109.115078,tiresias_vdd,minus10_dbv
7346.092914,-110.418557,tiresias_vdd,minus10_dbv
7561.349867,-109.330161,tiresias_vdd,minus10_dbv
7782.914330,-110.141235,tiresias_vdd,minus10_dbv
8010.971128,-109.033207,tiresias_vdd,minus10_dbv
8245.710500,-110.780842,tiresias_vdd,minus10_dbv
8487.328260,-110.941628,tiresias_vdd,minus10_dbv
8736.025961,-111.120432,tiresias_vdd,minus10_dbv
8992.011061,-111.577293,tiresias_vdd,minus10_dbv
9255.497097,-111.483990,tiresias_vdd,minus10_dbv
9526.703863,-111.694776,tiresias_vdd,minus10_dbv
9805.857594,-111.848397,tiresias_vdd,minus10_dbv
10093.191154,-111.879066,tiresias_vdd,minus10_dbv
10388.944230,-111.678390,tiresias_vdd,minus10_dbv
10693.363532,-111.920962,tiresias_vdd,minus10_dbv
11006.703001,-111.643302,tiresias_vdd,minus10_dbv
11329.224017,-111.596922,tiresias_vdd,minus10_dbv
11661.195620,-111.766609,tiresias_vdd,minus10_dbv
12002.894734,-111.476816,tiresias_vdd,minus10_dbv
12354.606395,-111.276555,tiresias_vdd,minus10_dbv
12716.623996,-111.383316,tiresias_vdd,minus10_dbv
13089.249521,-111.243014,tiresias_vdd,minus10_dbv
13472.793808,-111.413673,tiresias_vdd,minus10_dbv
13867.576801,-111.130884,tiresias_vdd,minus10_dbv
14273.927818,-111.184516,tiresias_vdd,minus10_dbv
14692.185828,-111.555249,tiresias_vdd,minus10_dbv
15122.699734,-111.299194,tiresias_vdd,minus10_dbv
15565.828661,-111.640401,tiresias_vdd,minus10_dbv
16021.942256,-110.733541,tiresias_vdd,minus10_dbv
16491.420999,-111.658389,tiresias_vdd,minus10_dbv
16974.656520,-111.736640,tiresias_vdd,minus10_dbv
17472.051922,-111.885439,tiresias_vdd,minus10_dbv
17984.022122,-111.756352,tiresias_vdd,minus10_dbv
18510.994194,-111.838265,tiresias_vdd,minus10_dbv
19053.407727,-111.979445,tiresias_vdd,minus10_dbv
19611.715189,-111.871292,tiresias_vdd,minus10_dbv
20186.382308,-112.041666,tiresias_vdd,minus10_dbv
20777.888460,-111.957964,tiresias_vdd,minus10_dbv
21386.727064,-112.100911,tiresias_vdd,minus10_dbv
20.290907,-91.938053,tiresias_vdd,minus6_dbv
20.885476,-96.567000,tiresias_vdd,minus6_dbv
21.497467,-98.737697,tiresias_vdd,minus6_dbv
22.127391,-102.221621,tiresias_vdd,minus6_dbv
22.775773,-103.495726,tiresias_vdd,minus6_dbv
23.443154,-102.753000,tiresias_vdd,minus6_dbv
24.130091,-102.179406,tiresias_vdd,minus6_dbv
24.837156,-101.323224,tiresias_vdd,minus6_dbv
25.564940,-101.222238,tiresias_vdd,minus6_dbv
26.314050,-98.049811,tiresias_vdd,minus6_dbv
27.085111,-100.800420,tiresias_vdd,minus6_dbv
27.878765,-100.390671,tiresias_vdd,minus6_dbv
28.695675,-99.989400,tiresias_vdd,minus6_dbv
29.536523,-104.109423,tiresias_vdd,minus6_dbv
30.402009,-101.121718,tiresias_vdd,minus6_dbv
31.292856,-99.627222,tiresias_vdd,minus6_dbv
32.209807,-102.770343,tiresias_vdd,minus6_dbv
33.153626,-101.830739,tiresias_vdd,minus6_dbv
34.125101,-100.196193,tiresias_vdd,minus6_dbv
35.125043,-97.013822,tiresias_vdd,minus6_dbv
36.154286,-98.611146,tiresias_vdd,minus6_dbv
37.213687,-97.337180,tiresias_vdd,minus6_dbv
38.304131,-92.563730,tiresias_vdd,minus6_dbv
39.426528,-78.987556,tiresias_vdd,minus6_dbv
40.581813,-69.707006,tiresias_vdd,minus6_dbv
41.770951,-90.588864,tiresias_vdd,minus6_dbv
42.994934,-96.094769,tiresias_vdd,minus6_dbv
44.254781,-98.725595,tiresias_vdd,minus6_dbv
45.551545,-97.394564,tiresias_vdd,minus6_dbv
46.886308,-100.607502,tiresias_vdd,minus6_dbv
48.260181,-101.378403,tiresias_vdd,minus6_dbv
49.674312,-102.015844,tiresias_vdd,minus6_dbv
51.129881,-104.696323,tiresias_vdd,minus6_dbv
52.628101,-103.036806,tiresias_vdd,minus6_dbv
54.170222,-104.384867,tiresias_vdd,minus6_dbv
55.757531,-103.407772,tiresias_vdd,minus6_dbv
57.391351,-106.312353,tiresias_vdd,minus6_dbv
59.073046,-103.351726,tiresias_vdd,minus6_dbv
60.804018,-103.280827,tiresias_vdd,minus6_dbv
62.585712,-107.316546,tiresias_vdd,minus6_dbv
64.419613,-104.972446,tiresias_vdd,minus6_dbv
66.307252,-105.964927,tiresias_vdd,minus6_dbv
68.250203,-104.508945,tiresias_vdd,minus6_dbv
70.250086,-102.788824,tiresias_vdd,minus6_dbv
72.308571,-103.430056,tiresias_vdd,minus6_dbv
74.427374,-100.968306,tiresias_vdd,minus6_dbv
76.608262,-101.057936,tiresias_vdd,minus6_dbv
78.853056,-77.228835,tiresias_vdd,minus6_dbv
81.163627,-92.966159,tiresias_vdd,minus6_dbv
83.541903,-104.845282,tiresias_vdd,minus6_dbv
85.989867,-104.958806,tiresias_vdd,minus6_dbv
88.509563,-106.315187,tiresias_vdd,minus6_dbv
91.103091,-109.498872,tiresias_vdd,minus6_dbv
93.772615,-107.012999,tiresias_vdd,minus6_dbv
96.520362,-107.366350,tiresias_vdd,minus6_dbv
99.348625,-100.226167,tiresias_vdd,minus6_dbv
102.259762,-106.807706,tiresias_vdd,minus6_dbv
105.256202,-108.611312,tiresias_vdd,minus6_dbv
108.340444,-109.646144,tiresias_vdd,minus6_dbv
111.515061,-109.949760,tiresias_vdd,minus6_dbv
114.782702,-107.914071,tiresias_vdd,minus6_dbv
118.146092,-96.677311,tiresias_vdd,minus6_dbv
121.608036,-95.452430,tiresias_vdd,minus6_dbv
125.171424,-109.239132,tiresias_vdd,minus6_dbv
128.839227,-109.494237,tiresias_vdd,minus6_dbv
132.614504,-109.151945,tiresias_vdd,minus6_dbv
136.500406,-110.475354,tiresias_vdd,minus6_dbv
140.500173,-103.198927,tiresias_vdd,minus6_dbv
144.617142,-106.923126,tiresias_vdd,minus6_dbv
148.854748,-107.892493,tiresias_vdd,minus6_dbv
153.216525,-107.558237,tiresias_vdd,minus6_dbv
157.706112,-101.556901,tiresias_vdd,minus6_dbv
162.327254,-84.078156,tiresias_vdd,minus6_dbv
167.083805,-104.928794,tiresias_vdd,minus6_dbv
171.979734,-108.131823,tiresias_vdd,minus6_dbv
177.019125,-108.042369,tiresias_vdd,minus6_dbv
182.206182,-108.424791,tiresias_vdd,minus6_dbv
187.545230,-107.956064,tiresias_vdd,minus6_dbv
193.040725,-106.755549,tiresias_vdd,minus6_dbv
198.697250,-85.722572,tiresias_vdd,minus6_dbv
204.519524,-106.120288,tiresias_vdd,minus6_dbv
210.512403,-108.777359,tiresias_vdd,minus6_dbv
216.680888,-109.051673,tiresias_vdd,minus6_dbv
223.030122,-105.552410,tiresias_vdd,minus6_dbv
229.565404,-110.954784,tiresias_vdd,minus6_dbv
236.292183,-106.523279,tiresias_vdd,minus6_dbv
243.216073,-100.816216,tiresias_vdd,minus6_dbv
250.342848,-110.648544,tiresias_vdd,minus6_dbv
257.678453,-105.984380,tiresias_vdd,minus6_dbv
265.229008,-109.238483,tiresias_vdd,minus6_dbv
273.000811,-108.424911,tiresias_vdd,minus6_dbv
281.000346,-87.629154,tiresias_vdd,minus6_dbv
289.234284,-107.737094,tiresias_vdd,minus6_dbv
297.709496,-110.179408,tiresias_vdd,minus6_dbv
306.433050,-109.966244,tiresias_vdd,minus6_dbv
315.412224,-88.829269,tiresias_vdd,minus6_dbv
324.654507,-101.958904,tiresias_vdd,minus6_dbv
334.167610,-110.058494,tiresias_vdd,minus6_dbv
343.959469,-107.526124,tiresias_vdd,minus6_dbv
354.038251,-110.486983,tiresias_vdd,minus6_dbv
364.412363,-101.757025,tiresias_vdd,minus6_dbv
375.090460,-107.145443,tiresias_vdd,minus6_dbv
386.081450,-110.413157,tiresias_vdd,minus6_dbv
397.394500,-89.511572,tiresias_vdd,minus6_dbv
409.039048,-107.957305,tiresias_vdd,minus6_dbv
421.024807,-109.975662,tiresias_vdd,minus6_dbv
433.361775,-91.367875,tiresias_vdd,minus6_dbv
446.060244,-96.932231,tiresias_vdd,minus6_dbv
459.130807,-107.532507,tiresias_vdd,minus6_dbv
472.584367,-109.951300,tiresias_vdd,minus6_dbv
486.432146,-104.479525,tiresias_vdd,minus6_dbv
500.685695,-107.928551,tiresias_vdd,minus6_dbv
515.356906,-90.752425,tiresias_vdd,minus6_dbv
530.458016,-108.749240,tiresias_vdd,minus6_dbv
546.001623,-109.558818,tiresias_vdd,minus6_dbv
562.000691,-91.762347,tiresias_vdd,minus6_dbv
578.468569,-108.189779,tiresias_vdd,minus6_dbv
595.418991,-104.319678,tiresias_vdd,minus6_dbv
612.866100,-108.305960,tiresias_vdd,minus6_dbv
630.824447,-98.793645,tiresias_vdd,minus6_dbv
649.309014,-92.612447,tiresias_vdd,minus6_dbv
668.335221,-108.065646,tiresias_vdd,minus6_dbv
687.918938,-93.058307,tiresias_vdd,minus6_dbv
708.076501,-109.045731,tiresias_vdd,minus6_dbv
728.824726,-104.781082,tiresias_vdd,minus6_dbv
750.180921,-92.254794,tiresias_vdd,minus6_dbv
772.162900,-107.500758,tiresias_vdd,minus6_dbv
794.789000,-93.764582,tiresias_vdd,minus6_dbv
818.078095,-108.371940,tiresias_vdd,minus6_dbv
842.049613,-105.991239,tiresias_vdd,minus6_dbv
866.723550,-107.701494,tiresias_vdd,minus6_dbv
892.120489,-93.851440,tiresias_vdd,minus6_dbv
918.261614,-94.350067,tiresias_vdd,minus6_dbv
945.168733,-88.583662,tiresias_vdd,minus6_dbv
972.864291,-105.547519,tiresias_vdd,minus6_dbv
1001.371391,-23.642352,tiresias_vdd,minus6_dbv
1030.713812,-95.104195,tiresias_vdd,minus6_dbv
1060.916032,-109.843291,tiresias_vdd,minus6_dbv
1092.003245,-106.015172,tiresias_vdd,minus6_dbv
1124.001383,-94.879258,tiresias_vdd,minus6_dbv
1156.937137,-95.789484,tiresias_vdd,minus6_dbv
1190.837983,-106.332967,tiresias_vdd,minus6_dbv
1225.732199,-94.347439,tiresias_vdd,minus6_dbv
1261.648894,-92.547559,tiresias_vdd,minus6_dbv
1298.618029,-108.639504,tiresias_vdd,minus6_dbv
1336.670442,-106.658178,tiresias_vdd,minus6_dbv
1375.837875,-95.219617,tiresias_vdd,minus6_dbv
1416.153002,-97.073473,tiresias_vdd,minus6_dbv
1457.649452,-106.492531,tiresias_vdd,minus6_dbv
1500.361842,-93.480799,tiresias_vdd,minus6_dbv
1544.325799,-107.159960,tiresias_vdd,minus6_dbv
1589.577999,-95.697615,tiresias_vdd,minus6_dbv
1636.156190,-98.009193,tiresias_vdd,minus6_dbv
1684.099226,-107.579394,tiresias_vdd,minus6_dbv
1733.447100,-95.954113,tiresias_vdd,minus6_dbv
1784.240977,-99.085090,tiresias_vdd,minus6_dbv
1836.523229,-96.421507,tiresias_vdd,minus6_dbv
1890.337467,-96.184368,tiresias_vdd,minus6_dbv
1945.728583,-96.726856,tiresias_vdd,minus6_dbv
2002.742782,-99.224407,tiresias_vdd,minus6_dbv
2061.427625,-97.051316,tiresias_vdd,minus6_dbv
2121.832065,-99.585668,tiresias_vdd,minus6_dbv
2184.006490,-97.309489,tiresias_vdd,minus6_dbv
2248.002765,-99.938672,tiresias_vdd,minus6_dbv
2313.874274,-97.786292,tiresias_vdd,minus6_dbv
2381.675966,-100.304458,tiresias_vdd,minus6_dbv
2451.464399,-96.431941,tiresias_vdd,minus6_dbv
2523.297789,-98.088436,tiresias_vdd,minus6_dbv
2597.236057,-101.159469,tiresias_vdd,minus6_dbv
2673.340883,-98.642073,tiresias_vdd,minus6_dbv
2751.675750,-101.439693,tiresias_vdd,minus6_dbv
2832.306004,-96.270048,tiresias_vdd,minus6_dbv
2915.298905,-99.163977,tiresias_vdd,minus6_dbv
3000.723683,-97.914924,tiresias_vdd,minus6_dbv
3088.651599,-101.963496,tiresias_vdd,minus6_dbv
3179.155999,-98.487466,tiresias_vdd,minus6_dbv
3272.312380,-98.712036,tiresias_vdd,minus6_dbv
3368.198452,-100.405132,tiresias_vdd,minus6_dbv
3466.894200,-103.617946,tiresias_vdd,minus6_dbv
3568.481954,-99.482818,tiresias_vdd,minus6_dbv
3673.046457,-99.782999,tiresias_vdd,minus6_dbv
3780.674934,-98.739593,tiresias_vdd,minus6_dbv
3891.457165,-100.363360,tiresias_vdd,minus6_dbv
4005.485564,-100.702336,tiresias_vdd,minus6_dbv
4122.855250,-101.100163,tiresias_vdd,minus6_dbv
4243.664130,-101.451381,tiresias_vdd,minus6_dbv
4368.012981,-100.936591,tiresias_vdd,minus6_dbv
4496.005531,-101.934557,tiresias_vdd,minus6_dbv
4627.748549,-101.817982,tiresias_vdd,minus6_dbv
4763.351932,-102.799388,tiresias_vdd,minus6_dbv
4902.928797,-101.025574,tiresias_vdd,minus6_dbv
5046.595577,-102.553646,tiresias_vdd,minus6_dbv
5194.472115,-103.968827,tiresias_vdd,minus6_dbv
5346.681766,-104.259567,tiresias_vdd,minus6_dbv
5503.351500,-102.739480,tiresias_vdd,minus6_dbv
5664.612008,-102.056305,tiresias_vdd,minus6_dbv
5830.597810,-105.474759,tiresias_vdd,minus6_dbv
6001.447367,-103.760136,tiresias_vdd,minus6_dbv
6177.303198,-106.398727,tiresias_vdd,minus6_dbv
6358.311998,-104.772633,tiresias_vdd,minus6_dbv
6544.624761,-105.576049,tiresias_vdd,minus6_dbv
6736.396904,-107.390377,tiresias_vdd,minus6_dbv
6933.788400,-105.708013,tiresias_vdd,minus6_dbv
7136.963909,-107.039645,tiresias_vdd,minus6_dbv
7346.092914,-108.711909,tiresias_vdd,minus6_dbv
7561.349867,-107.371815,tiresias_vdd,minus6_dbv
7782.914330,-108.544376,tiresias_vdd,minus6_dbv
8010.971128,-108.029895,tiresias_vdd,minus6_dbv
8245.710500,-109.561762,tiresias_vdd,minus6_dbv
8487.328260,-109.847396,tiresias_vdd,minus6_dbv
8736.025961,-110.424226,tiresias_vdd,minus6_dbv
8992.011061,-110.500589,tiresias_vdd,minus6_dbv
9255.497097,-110.997693,tiresias_vdd,minus6_dbv
9526.703863,-111.035289,tiresias_vdd,minus6_dbv
9805.857594,-110.860791,tiresias_vdd,minus6_dbv
10093.191154,-111.116698,tiresias_vdd,minus6_dbv
10388.944230,-110.950757,tiresias_vdd,minus6_dbv
10693.363532,-110.956539,tiresias_vdd,minus6_dbv
11006.703001,-110.680673,tiresias_vdd,minus6_dbv
11329.224017,-110.504193,tiresias_vdd,minus6_dbv
11661.195620,-110.903305,tiresias_vdd,minus6_dbv
12002.894734,-110.150562,tiresias_vdd,minus6_dbv
12354.606395,-110.176624,tiresias_vdd,minus6_dbv
12716.623996,-110.212889,tiresias_vdd,minus6_dbv
13089.249521,-109.885676,tiresias_vdd,minus6_dbv
13472.793808,-110.341235,tiresias_vdd,minus6_dbv
13867.576801,-110.297159,tiresias_vdd,minus6_dbv
14273.927818,-110.071418,tiresias_vdd,minus6_dbv
14692.185828,-110.576275,tiresias_vdd,minus6_dbv
15122.699734,-110.410431,tiresias_vdd,minus6_dbv
15565.828661,-110.748442,tiresias_vdd,minus6_dbv
16021.942256,-110.036696,tiresias_vdd,minus6_dbv
16491.420999,-111.115919,tiresias_vdd,minus6_dbv
16974.656520,-111.096669,tiresias_vdd,minus6_dbv
17472.051922,-111.154101,tiresias_vdd,minus6_dbv
17984.022122,-111.090220,tiresias_vdd,minus6_dbv
18510.994194,-111.234580,tiresias_vdd,minus6_dbv
19053.407727,-111.108941,tiresias_vdd,minus6_dbv
19611.715189,-110.970538,tiresias_vdd,minus6_dbv
20186.382308,-110.952358,tiresias_vdd,minus6_dbv
20777.888460,-110.986109,tiresias_vdd,minus6_dbv
21386.727064,-110.961933,tiresias_vdd,minus6_dbv
